Tweets,Celebrity,Twitter handle,Cloudinary Picture,Category
I can't belive my grand mothers making me take Out the garbage I'm rich fuck this I'm going home I don't need this shit,50 Cent,@50cent,http://res.cloudinary.com/dgtihmi68/image/upload/v1503950576/50cent.jpg,Musicians
Man I'm learning all this freaky shit on twitterI want all you justin beaver loving ass kids off this motherfucker right now lol,50 Cent,@50cent,http://res.cloudinary.com/dgtihmi68/image/upload/v1503950576/50cent.jpg,Musicians
Ok I'm in the studio and I think I just smoked crack and im crying cause I'm not gonna stop. Can anyone help me ?lol,50 Cent,@50cent,http://res.cloudinary.com/dgtihmi68/image/upload/v1503950576/50cent.jpg,Musicians
"Speaking of MILF. I wanna do something that impact kids in a positive way, thats why im opening an abortion clinic. Ima call it 50/50 chance",50 Cent,@50cent,http://res.cloudinary.com/dgtihmi68/image/upload/v1503950576/50cent.jpg,Musicians
"Dear Fox News, don't play our music on your evil fucking channel ever again. Thank you.",Adam Levine,@adamlevine,http://res.cloudinary.com/dgtihmi68/image/upload/v1503950680/adamlevine.jpg,Musicians
Thinking about telling my kids Santa doesn't exist so I can get credit for some of this shit.,Adam Scott,@mradamscott,http://res.cloudinary.com/dgtihmi68/image/upload/v1503950797/mradamscott.jpg,TV Stars
Good luck Leo! Everyone loves you because you're the best. Meet me at the clock anytime bruv X,Adele,@Adele,http://res.cloudinary.com/dgtihmi68/image/upload/v1503950880/Adele.jpg,Musicians
"Flight attendant on American reamed me out 4 playing WORDS W FRIENDS while we sat at the gate, not moving. #nowonderamericaairisbankrupt",Alec Baldwin,@AlecBaldwin,http://res.cloudinary.com/dgtihmi68/image/upload/v1503951013/AlecBaldwin.jpg,Movie Stars
Starbucks on 93 and B'way. Uptight Queen barrista named JAY has an attitude problem.,Alec Baldwin,@AlecBaldwin,http://res.cloudinary.com/dgtihmi68/image/upload/v1503951013/AlecBaldwin.jpg,Movie Stars
Woah I just had a strange (sexy) Karl Lagerfeld dream. I don’t want to talk about it,Alexa Chung,@alexa_chung,http://res.cloudinary.com/dgtihmi68/image/upload/v1503951490/alexa_chung.png,Socialite
my life has changed for the better ever since I changed to lower case font,Amanda Bynes,@amandabynes,http://res.cloudinary.com/dgtihmi68/image/upload/v1504082809/amandabynes_u7qc6p.jpg,TV Stars
Awww @kanyewest are u mad I'm not around to play in ur asshole anymore? #FingersInTheBootyAssBitch,Amber Rose,@DaRealAmberRose,http://res.cloudinary.com/dgtihmi68/image/upload/v1504087272/amberrose_ut5p2u.jpg,Socialite
"Drunk on a Plane"" movie about me right now, no Samuel L in sight",Amy Schumer,@amyschumer,http://res.cloudinary.com/dgtihmi68/image/upload/v1503951723/amyschumer.jpg,Comedians
I am a size 6 and have no plans of changing. This is it. Stay on or get off. Kisses!,Amy Schumer,@amyschumer,http://res.cloudinary.com/dgtihmi68/image/upload/v1503951723/amyschumer.jpg,Comedians
I just like that people think I go to the gym #sofalse,Amy Schumer,@amyschumer,http://res.cloudinary.com/dgtihmi68/image/upload/v1503951723/amyschumer.jpg,Comedians
Just found out Busta Rhymes is not related to Leann. #majorletdown,Amy Schumer,@amyschumer,http://res.cloudinary.com/dgtihmi68/image/upload/v1503951723/amyschumer.jpg,Comedians
My name is Bill Cosby #WorstDateIn5Words,Amy Schumer,@amyschumer,http://res.cloudinary.com/dgtihmi68/image/upload/v1503951723/amyschumer.jpg,Comedians
"wine guy at coppola, ""are you sure you want another glass of wine"" me ""yes I'm drinking for 2""",Amy Schumer,@amyschumer,http://res.cloudinary.com/dgtihmi68/image/upload/v1503951723/amyschumer.jpg,Comedians
"All that ornate furnishing would get me stressed. - me, deciding I probably couldn't be the president.",Anna Kendrick,@AnnaKendrick47,http://res.cloudinary.com/dgtihmi68/image/upload/v1503951861/AnnaKendrick47.jpg,Movie Stars
"Any tips for getting rubber cement out of your hair? Also, making movies is...... never boring. But honestly, any tips? (PLEASE help me)",Anna Kendrick,@AnnaKendrick47,http://res.cloudinary.com/dgtihmi68/image/upload/v1503951861/AnnaKendrick47.jpg,Movie Stars
"Hey. People who follow over 1,000 people on twitter. Explain yourselves.",Anna Kendrick,@AnnaKendrick47,http://res.cloudinary.com/dgtihmi68/image/upload/v1503951861/AnnaKendrick47.jpg,Movie Stars
I like my men like I like my coffee. Silent.,Anna Kendrick,@AnnaKendrick47,http://res.cloudinary.com/dgtihmi68/image/upload/v1503951861/AnnaKendrick47.jpg,Movie Stars
I've still never seen a fidget spinner in person. So I guess I've made all the correct life choices?,Anna Kendrick,@AnnaKendrick47,http://res.cloudinary.com/dgtihmi68/image/upload/v1503951861/AnnaKendrick47.jpg,Movie Stars
I’m so humble it’s crazy. I’m like the Kanye West of humility.,Anna Kendrick,@AnnaKendrick47,http://res.cloudinary.com/dgtihmi68/image/upload/v1503951861/AnnaKendrick47.jpg,Movie Stars
Is a museum just an endurance test of how long you can last before you start making silly comments about the art?,Anna Kendrick,@AnnaKendrick47,http://res.cloudinary.com/dgtihmi68/image/upload/v1503951861/AnnaKendrick47.jpg,Movie Stars
Oh God. I just realized I'm stuck with me my whole life.,Anna Kendrick,@AnnaKendrick47,http://res.cloudinary.com/dgtihmi68/image/upload/v1503951861/AnnaKendrick47.jpg,Movie Stars
"Snake update: I've heard she's alive and well, and that her name is Banana! This makes me smile :)",Anna Kendrick,@AnnaKendrick47,http://res.cloudinary.com/dgtihmi68/image/upload/v1503951861/AnnaKendrick47.jpg,Movie Stars
"Why do I wish for more hours in the day when I spend so much of the time I DO have pinning ""healthy recipes"" I KNOWWW I'm never gonna try?",Anna Kendrick,@AnnaKendrick47,http://res.cloudinary.com/dgtihmi68/image/upload/v1503951861/AnnaKendrick47.jpg,Movie Stars
"Why is every TV detective also a fashion expert? ""Our witness is a plumber but he's wearing Gucci shoes – must have a sugar mama.""",Anna Kendrick,@AnnaKendrick47,http://res.cloudinary.com/dgtihmi68/image/upload/v1503951861/AnnaKendrick47.jpg,Movie Stars
My next single is dropping unexpectedly like bird shit.,Ansel Elgort,@AnselElgort,http://res.cloudinary.com/dgtihmi68/image/upload/v1503952020/AnselElgort.jpg,Movie Stars
a Victoria's Secret angel accidentally smacked me in the face with her wings and it was awesome #goals #bangbangintomyface,Ariana Grande,@ArianaGrande,http://res.cloudinary.com/dgtihmi68/image/upload/v1503952141/ArianaGrande.jpg,Musicians
"had the weirdest, scariest, most bizarre dreams ever last night. wow. One of them was me trapped in a room with Kevin Jonas and an alien.",Ariana Grande,@ArianaGrande,http://res.cloudinary.com/dgtihmi68/image/upload/v1503952141/ArianaGrande.jpg,Musicians
is going to sleep after watching Saw 4 with Mamma. Those movies are so brilliant!! Have sweet dreams and no nightmares about Jigsaw! ha! :],Ariana Grande,@ArianaGrande,http://res.cloudinary.com/dgtihmi68/image/upload/v1503952141/ArianaGrande.jpg,Musicians
Pumpkin Pie bubble bath.....sighhh... I love Philosophy. :],Ariana Grande,@ArianaGrande,http://res.cloudinary.com/dgtihmi68/image/upload/v1503952141/ArianaGrande.jpg,Musicians
How many ladies aint scared 2 fart in front of ur man?,Ashanti,@ashanti,http://res.cloudinary.com/dgtihmi68/image/upload/v1503952232/ashanti.jpg,Musicians
"if someone walked up to me with 5k cash and said piss yourself and I'll give you this $$, I'd do it.",Ashton Kutcher,@aplusk,http://res.cloudinary.com/dgtihmi68/image/upload/v1504082880/ashtonkutcher_sequ2g.jpg,Movie Stars
Been spending way too much time day dreaming about what it'd be like to eat at Freddy's Ribs from House of Cards...,Aziz Ansari,@azizansari,http://res.cloudinary.com/dgtihmi68/image/upload/v1503952338/azizansari.jpg,Comedians
"For the first time in my entire life, I am ""buying"" Microsoft Word. And this is what happens. Stealing was much more user friendly.",Aziz Ansari,@azizansari,http://res.cloudinary.com/dgtihmi68/image/upload/v1503952338/azizansari.jpg,Comedians
"If I was in the NSA, I'd be looking up random people all the time. Every 10 minutes I'd be like, I wonder what Ja Rule is up to?",Aziz Ansari,@azizansari,http://res.cloudinary.com/dgtihmi68/image/upload/v1503952338/azizansari.jpg,Comedians
"If we could somehow harness the energy from my pointless internet browsing, there would never be an energy crisis.",Aziz Ansari,@azizansari,http://res.cloudinary.com/dgtihmi68/image/upload/v1503952338/azizansari.jpg,Comedians
"If you’re bald and you’re not dressing as Pitbull tonight, what’s wrong with you? #MrWorldWide #Timber",Aziz Ansari,@azizansari,http://res.cloudinary.com/dgtihmi68/image/upload/v1503952338/azizansari.jpg,Comedians
"Ordered Microsoft Word online. Will take ""4-6 hours"" to process before I can download. Why? How?",Aziz Ansari,@azizansari,http://res.cloudinary.com/dgtihmi68/image/upload/v1503952338/azizansari.jpg,Comedians
Sad news folks. The Academy has decided NOT to have me and Waka Flocka Flame co-host the Oscars this year.,Aziz Ansari,@azizansari,http://res.cloudinary.com/dgtihmi68/image/upload/v1503952338/azizansari.jpg,Comedians
"Woops. Got wasted last night and drunk texted $15,000 in donations to Haiti relief efforts.",Aziz Ansari,@azizansari,http://res.cloudinary.com/dgtihmi68/image/upload/v1503952338/azizansari.jpg,Comedians
Worst things in life: 1) Friends and family passing away 2) Fruit flies,Aziz Ansari,@azizansari,http://res.cloudinary.com/dgtihmi68/image/upload/v1503952338/azizansari.jpg,Comedians
"Been waiting to drop this: summer playlist, the encore. What's everybody listening to?",Barack Obama,@BarackObama,http://res.cloudinary.com/dgtihmi68/image/upload/v1503952431/BarackObama.jpg,Politicians
"Gun violence requires more than moments of silence. It requires action. In failing that test, the Senate failed the American people.",Barack Obama,@BarackObama,http://res.cloudinary.com/dgtihmi68/image/upload/v1503952431/BarackObama.jpg,Politicians
No one is born hating another person because of the color of his skin or his background or his religion...,Barack Obama,@BarackObama,http://res.cloudinary.com/dgtihmi68/image/upload/v1503952431/BarackObama.jpg,Politicians
"Thank you for everything. My last ask is the same as my first. I'm asking you to believe—not in my ability to create change, but in yours.",Barack Obama,@BarackObama,http://res.cloudinary.com/dgtihmi68/image/upload/v1503952431/BarackObama.jpg,Politicians
"Today is a big step in our march toward equality. Gay and lesbian couples now have the right to marry, just like anyone else. #LoveWins",Barack Obama,@BarackObama,http://res.cloudinary.com/dgtihmi68/image/upload/v1503952431/BarackObama.jpg,Politicians
We could eliminate tuition at every public college and university in America with the $80 billion we spend each year on incarcerations.,Barack Obama,@BarackObama,http://res.cloudinary.com/dgtihmi68/image/upload/v1503952431/BarackObama.jpg,Politicians
"Kim Kardashian tweeted a nude selfie today. If Kim wants us to see a part of her we've never seen, she's gonna have to swallow the camera.",Bette Midler,@BetteMidler,http://res.cloudinary.com/dgtihmi68/image/upload/v1503952673/BetteMidler.jpg,Comedians
Sorry for being so quiet last couple of days; we've been busy building our bunker. Armageddon outta here!!!,Bette Midler,@BetteMidler,http://res.cloudinary.com/dgtihmi68/image/upload/v1503952673/BetteMidler.jpg,Comedians
If I ever go to the Oscars I am ALSO bringing Dev Patel's mother,Billy Eichner,@billyeichner,http://res.cloudinary.com/dgtihmi68/image/upload/v1503953042/billyeichner.jpg,Comedians
Not ashamed to admit I am at my most comfortable and confident walking around a mall.,Billy Eichner,@billyeichner,http://res.cloudinary.com/dgtihmi68/image/upload/v1503953042/billyeichner.jpg,Comedians
Not going to the Oscars tonight because I'm Natalie Portman's doula,Billy Eichner,@billyeichner,http://res.cloudinary.com/dgtihmi68/image/upload/v1503953042/billyeichner.jpg,Comedians
"I'm so drunk right now I just walked into Canadian customs and shouted ""Why y'all checkin' me?! Ur the ones with a pot leaf on your flag!!",Blake Shelton,@blakeshelton,http://res.cloudinary.com/dgtihmi68/image/upload/v1504101121/blakeshelton_p8sxmb.jpg,Musicians
I'm so hungover right now I just shaved my reflection and put on a single sock. Not on my foot...,Blake Shelton,@blakeshelton,http://res.cloudinary.com/dgtihmi68/image/upload/v1504101121/blakeshelton_p8sxmb.jpg,Musicians
"I'm still so drunk right now I just dialed 911 and shouted ""Help!!!! Why is Wednesday spelled like that?!!!!""",Blake Shelton,@blakeshelton,http://res.cloudinary.com/dgtihmi68/image/upload/v1504101121/blakeshelton_p8sxmb.jpg,Musicians
Send me pictures of your hamster.,Bob Saget,@bobsaget,http://res.cloudinary.com/dgtihmi68/image/upload/v1504082354/BobSaget_dz8353.jpg,TV Stars
#Recording a song 4 All My Boys :),Britney Spears,@britneyspears,http://res.cloudinary.com/dgtihmi68/image/upload/v1503953183/britneyspears.jpg,Musicians
Does anyone think global warming is a good thing? I love Lady Gaga. I think she's a really interesting artist.,Britney Spears,@britneyspears,http://res.cloudinary.com/dgtihmi68/image/upload/v1503953183/britneyspears.jpg,Musicians
"Go call the po-lice, Go Call The Gu-vunah! Someone tell Congress to get to #WorkBxxCH",Britney Spears,@britneyspears,http://res.cloudinary.com/dgtihmi68/image/upload/v1503953183/britneyspears.jpg,Musicians
"PS - Star Magazine, Radar Online, Jason Alexander and the rest of you liars, Ya'll can kiss my lily white southern Louisiana ass!",Britney Spears,@britneyspears,http://res.cloudinary.com/dgtihmi68/image/upload/v1503953183/britneyspears.jpg,Musicians
"Snake update: I've heard she's alive and well, and that her name is Banana! This makes me smile :)",Britney Spears,@britneyspears,http://res.cloudinary.com/dgtihmi68/image/upload/v1503953183/britneyspears.jpg,Musicians
I'm gettin drunk! Can't nobody tell me shit today!,Bruno Mars,@BrunoMars,http://res.cloudinary.com/dgtihmi68/image/upload/v1504101430/brunomars_uhs37v.jpg,Musicians
Sometimes I wanna tweet a selfie of myself but I ain't trynna set the world on fire.,Bruno Mars,@BrunoMars,http://res.cloudinary.com/dgtihmi68/image/upload/v1504101430/brunomars_uhs37v.jpg,Musicians
That Cut deep..U always know how to sheer me to the core. I can't believe we're Sheeran this in public. How dare u!,Bruno Mars,@BrunoMars,http://res.cloudinary.com/dgtihmi68/image/upload/v1504101430/brunomars_uhs37v.jpg,Musicians
"My daughter recently started calling me ""mommy"". So now I call her ""unc"". See how she likes it.",Chance The Rapper,@chancetherapper,http://res.cloudinary.com/dgtihmi68/image/upload/v1503953282/chancetherapper.jpg,Musicians
fastball. the trolls are foaming from their toothless holes. rumor mill abundant with evil gossip. mainstream heretics smirking.,Charlie Sheen,@charliesheen,http://res.cloudinary.com/dgtihmi68/image/upload/v1503953525/charliesheen.jpg,Movie Stars
"Stevie Wonder said that “voting for Trump is like asking me to drive."" I’d rather have Stevie as my Uber driver than Trump as president.",Chelsea Handler,@chelseahandler,http://res.cloudinary.com/dgtihmi68/image/upload/v1504083002/chelseahandler_qhz9m4.jpg,Comedians
Don't know how to utube,Cher,@cher,http://res.cloudinary.com/dgtihmi68/image/upload/v1503953677/cher.jpg,Musicians
"Going dentist.EVERYONE SHOULD BOYCOTT WALL MART ! They R BIGGEST SELLER OF GUNS IN U.S ! Pick Up Milk,Pick Up BULLETS. Shop TARGET.RT RT RT",Cher,@cher,http://res.cloudinary.com/dgtihmi68/image/upload/v1503953677/cher.jpg,Musicians
I was looking at tweets & saw that i really hurt someones feelings ! Im sorry. It was light blue background with white egg shape . Bye,Cher,@cher,http://res.cloudinary.com/dgtihmi68/image/upload/v1503953677/cher.jpg,Musicians
"ipad freezing up! Maybe it's overwhelmed,because it Just realized A Fabulous DIVA Was touching it ! Can't really Blame it, ""SNAP OUT OF IT""",Cher,@cher,http://res.cloudinary.com/dgtihmi68/image/upload/v1503953677/cher.jpg,Musicians
Whats going on with mycareer,Cher,@cher,http://res.cloudinary.com/dgtihmi68/image/upload/v1503953677/cher.jpg,Musicians
"""Chivalry ain't dead""",Chris Brown,@chrisbrown,http://res.cloudinary.com/dgtihmi68/image/upload/v1503953815/chrisbrown.jpg,Musicians
"About to watch The Bachelor!!! in his honorable quest to find true love amongst a sea of super crazy, whacked out, manipulative strangers.",Chris Pratt,@prattprattpratt,http://res.cloudinary.com/dgtihmi68/image/upload/v1503953946/prattprattpratt.jpg,Movie Stars
For the record.. Free casino shuttles are not the best place to pee your pants.,Chris Pratt,@prattprattpratt,http://res.cloudinary.com/dgtihmi68/image/upload/v1503953946/prattprattpratt.jpg,Movie Stars
"Happy Valentines Day!!!! Its too bad ""Eat out my butt,"" doesn't fit on one of those little candy hearts.",Chris Pratt,@prattprattpratt,http://res.cloudinary.com/dgtihmi68/image/upload/v1503953946/prattprattpratt.jpg,Movie Stars
How much of this Preparation H do I gotta eat before it starts working?,Chris Pratt,@prattprattpratt,http://res.cloudinary.com/dgtihmi68/image/upload/v1503953946/prattprattpratt.jpg,Movie Stars
If I could have any superpower in the world... it would be the ability to shit someone else's pants.,Chris Pratt,@prattprattpratt,http://res.cloudinary.com/dgtihmi68/image/upload/v1503953946/prattprattpratt.jpg,Movie Stars
Just spent 3 minutes reading about quantum physics on Wikipedia and I still don't get it.,Chris Pratt,@prattprattpratt,http://res.cloudinary.com/dgtihmi68/image/upload/v1503953946/prattprattpratt.jpg,Movie Stars
"Was Cruella Deville that bad? I mean, there are 101 of the fuckin things!",Chris Pratt,@prattprattpratt,http://res.cloudinary.com/dgtihmi68/image/upload/v1503953946/prattprattpratt.jpg,Movie Stars
Why's it called a snickerdoodle? And who's the person who came up with that name? I bet he was a real asshole.,Chris Pratt,@prattprattpratt,http://res.cloudinary.com/dgtihmi68/image/upload/v1503953946/prattprattpratt.jpg,Movie Stars
wow. i have 4 followers. and one of them i just found out is like a link to a porno site. that's just depressing. haa!!!,Chris Pratt,@prattprattpratt,http://res.cloudinary.com/dgtihmi68/image/upload/v1503953946/prattprattpratt.jpg,Movie Stars
Just realized I am at a Starbucks inside a trump building. I knew it smelled psychotic and racist here.,Chrissy Teigen,@chrissyteigen,http://res.cloudinary.com/dgtihmi68/image/upload/v1503954106/chrissyteigen.jpg,Socialite
well i am going to bed because snoop noticed a tweet of mine where i only used one g in dogg and i'm mortified,Chrissy Teigen,@chrissytelgen,http://res.cloudinary.com/dgtihmi68/image/upload/v1503954106/chrissyteigen.jpg,Socialite
Is there an emoji for crying in the fetal position whilst eating pizza? Asking for a friend,Christina Applegate,@1capplegate,http://res.cloudinary.com/dgtihmi68/image/upload/v1503954322/1capplegate.jpg,Movie Stars
Just taught my kids about taxes by eating 38% of their ice cream.,Conan O`Brien,@ConanOBrien,http://res.cloudinary.com/dgtihmi68/image/upload/v1503954400/ConanOBrien.jpg,Comedians
"Just think, we’ll be able to tell our grandchildren, “I remember the day President Trump tweeted the nuclear launch codes.”",Conan O`Brien,@ConanOBrien,http://res.cloudinary.com/dgtihmi68/image/upload/v1503954400/ConanOBrien.jpg,Comedians
Tax question: Is it technically considered cheating if you claim your 5.4 million Twitter followers as dependents?,Conan O`Brien,@ConanOBrien,http://res.cloudinary.com/dgtihmi68/image/upload/v1503954400/ConanOBrien.jpg,Comedians
"Am I too late for a Mathew McConaughey ""alt-right, alt-right, alt-right"" tweet?",Conan O`Brien,@ConanOBrien,http://res.cloudinary.com/dgtihmi68/image/upload/v1503954400/ConanOBrien.jpg,Comedians
Has anyone ever bothered to suggest to Amazon what it might like?,Conan O`Brien,@ConanOBrien,http://res.cloudinary.com/dgtihmi68/image/upload/v1503954400/ConanOBrien.jpg,Comedians
I heard the iPhone 15 won't have any ports or jacks or a screen and it will just be a smooth steel ball and finally we'll all be happy.,Conan O`Brien,@ConanOBrien,http://res.cloudinary.com/dgtihmi68/image/upload/v1503954400/ConanOBrien.jpg,Comedians
I just completed 100 push-ups. (I started last November.),Conan O`Brien,@ConanOBrien,http://res.cloudinary.com/dgtihmi68/image/upload/v1503954400/ConanOBrien.jpg,Comedians
I think the Russians' ability to hack the internet is vastly overrat-Конан О'Брайен - такой мудак,Conan O`Brien,@ConanOBrien,http://res.cloudinary.com/dgtihmi68/image/upload/v1503954400/ConanOBrien.jpg,Comedians
Our country was founded by people who were mad at King George because he refused to show us his taxation statements.,Conan O`Brien,@ConanOBrien,http://res.cloudinary.com/dgtihmi68/image/upload/v1503954400/ConanOBrien.jpg,Comedians
Remember when all we had to worry about was Ebola? Good times.,Conan O`Brien,@ConanOBrien,http://res.cloudinary.com/dgtihmi68/image/upload/v1503954400/ConanOBrien.jpg,Comedians
"There are three ways to cook a hot dog: Boil, grill, and, I just discovered by accident, dry clean.",Conan O`Brien,@ConanOBrien,http://res.cloudinary.com/dgtihmi68/image/upload/v1503954400/ConanOBrien.jpg,Comedians
"Today, we Americans celebrate our independence from Britain while planning our escape to Canada.",Conan O`Brien,@ConanOBrien,http://res.cloudinary.com/dgtihmi68/image/upload/v1503954400/ConanOBrien.jpg,Comedians
"You call it day drinking, I call it something unintelligible because I’m day drinking.",Conan O`Brien,@ConanOBrien,http://res.cloudinary.com/dgtihmi68/image/upload/v1503954400/ConanOBrien.jpg,Comedians
"A lot can happen in 5 years but for some refugee kids, nothing has changed. Don't forget about them.",Cristiano Ronaldo,@Cristiano,http://res.cloudinary.com/dgtihmi68/image/upload/v1503954577/Cristiano.jpg,Athletes
"I’m always looking for ways to be healthier, faster, and stronger. What are you doing to better yourself?…",Cristiano Ronaldo,@Cristiano,http://res.cloudinary.com/dgtihmi68/image/upload/v1503954577/Cristiano.jpg,Athletes
Pick your skill level. Master it. Do it again.,Cristiano Ronaldo,@Cristiano,http://res.cloudinary.com/dgtihmi68/image/upload/v1503954577/Cristiano.jpg,Athletes
Recover stronger with a combination of carbs and protein to aid in muscle repair.,Cristiano Ronaldo,@Cristiano,http://res.cloudinary.com/dgtihmi68/image/upload/v1503954577/Cristiano.jpg,Athletes
"TB one year ago, at the opening of my first hotel!",Cristiano Ronaldo,@Cristiano,http://res.cloudinary.com/dgtihmi68/image/upload/v1503954577/Cristiano.jpg,Athletes
"Valentine's Day is also a great day to curl up alone in your bed, look at pix of your exs & wonder what could have been.",Dane Cook,@DaneCook,http://res.cloudinary.com/dgtihmi68/image/upload/v1504083064/danecook_icusfy.jpg,Comedians
There are men who have scaled Everest who wouldnt dare to travel with two kids under 3. #warrior #dadbeast,Dax Shepard,@daxshepard1,http://res.cloudinary.com/dgtihmi68/image/upload/v1503954700/daxshepard1.jpg,Comedians
"It's true, I'm in North Korea. Looking forward to sitting down with Kim Jung Un. I love the people of North Korea. #WORMinNorthKorea",Dennis Rodman,@dennisrodman,http://res.cloudinary.com/dgtihmi68/image/upload/v1503954894/dennisrodman.jpg,Athletes
Get Taylor Swift A Booty,Diplo,@diplo,http://res.cloudinary.com/dgtihmi68/image/upload/v1503955036/diplo.jpg,Musicians
".@AlexSalmond, Wind turbines are ripping your country apart and killing tourism. Electric bills in Scotland are skyrocketing-stop the madness",Donald J. Trump,@realDonaldTrump,http://res.cloudinary.com/dgtihmi68/image/upload/v1503955181/realDonaldTrump.jpg,Politicians
".@katyperru I watched Russell Brand and think his mind is fried – he looks really bad. Russel is a total joke, a dummy who is lost!",Donald J. Trump,@realDonaldTrump,http://res.cloudinary.com/dgtihmi68/image/upload/v1503955181/realDonaldTrump.jpg,Politicians
.@katyperry must have been drunk when she married Russell Brand @rustyrockets – but he did send me a really nice letter of apology!,Donald J. Trump,@realDonaldTrump,http://res.cloudinary.com/dgtihmi68/image/upload/v1503955181/realDonaldTrump.jpg,Politicians
Amazing how the haters & losers keep tweeting the name “F**kface Von Clownstick” like they are so original & like no one else is doing it...,Donald J. Trump,@realDonaldTrump,http://res.cloudinary.com/dgtihmi68/image/upload/v1503955181/realDonaldTrump.jpg,Politicians
An ‘extremely credible source’ has called my office and told me that @BarackObama’s birth certificate is a fraud.,Donald J. Trump,@realDonaldTrump,http://res.cloudinary.com/dgtihmi68/image/upload/v1503955181/realDonaldTrump.jpg,Politicians
Despite the negative press covfefe,Donald J. Trump,@realDonaldTrump,http://res.cloudinary.com/dgtihmi68/image/upload/v1503955181/realDonaldTrump.jpg,Politicians
"Everyone knows I am right that Robert Pattinson should dump Kristen Stewart. In a couple of years, he will thank me. Be smart, Robert.",Donald J. Trump,@realDonaldTrump,http://res.cloudinary.com/dgtihmi68/image/upload/v1503955181/realDonaldTrump.jpg,Politicians
I am being proven right about massive vaccinations -the doctors lied. Save our children & their future.,Donald J. Trump,@realDonaldTrump,http://res.cloudinary.com/dgtihmi68/image/upload/v1503955181/realDonaldTrump.jpg,Politicians
I have never seen a thin person drinking Diet Coke.,Donald J. Trump,@realDonaldTrump,http://res.cloudinary.com/dgtihmi68/image/upload/v1503955181/realDonaldTrump.jpg,Politicians
"If Obama resigns from office NOW, thereby doing a great service to the country – I will give him free lifetime golf at any one of my courses!",Donald J. Trump,@realDonaldTrump,http://res.cloudinary.com/dgtihmi68/image/upload/v1503955181/realDonaldTrump.jpg,Politicians
Is it the Neil Patrick Harris show or the Emmy Awards?How was he ever put in this position to start with? CRAZY!,Donald J. Trump,@realDonaldTrump,http://res.cloudinary.com/dgtihmi68/image/upload/v1503955181/realDonaldTrump.jpg,Politicians
It’s freezing and snowing in New York—we need global warming!,Donald J. Trump,@realDonaldTrump,http://res.cloudinary.com/dgtihmi68/image/upload/v1503955181/realDonaldTrump.jpg,Politicians
MAKE AMERICA GREAT AGAIN!,Donald J. Trump,@realDonaldTrump,http://res.cloudinary.com/dgtihmi68/image/upload/v1503955181/realDonaldTrump.jpg,Politicians
My twitter has become so powerful that I can actually make my enemies tell the truth.,Donald J. Trump,@realDonaldTrump,http://res.cloudinary.com/dgtihmi68/image/upload/v1503955181/realDonaldTrump.jpg,Politicians
"Remember, new “environment friendly” lightbulbs can cause cancer. Be carefull—the idiots who came up with this stuff don’t care.",Donald J. Trump,@realDonaldTrump,http://res.cloudinary.com/dgtihmi68/image/upload/v1503955181/realDonaldTrump.jpg,Politicians
Robert Pattinson should not take back Kristen Stewart. She cheated on him like a dog & will do it again--just watch. He can do much better!,Donald J. Trump,@realDonaldTrump,http://res.cloudinary.com/dgtihmi68/image/upload/v1503955181/realDonaldTrump.jpg,Politicians
"Sorry losers and haters, but my I.Q. is one of the highest -and you all know it! Please don’t feel so stupid or insecure, it’s not your fault",Donald J. Trump,@realDonaldTrump,http://res.cloudinary.com/dgtihmi68/image/upload/v1503955181/realDonaldTrump.jpg,Politicians
Thanks- many are saying I'm the best 140 character writer in the world. It's easy when it's fun.,Donald J. Trump,@realDonaldTrump,http://res.cloudinary.com/dgtihmi68/image/upload/v1503955181/realDonaldTrump.jpg,Politicians
The concept of global warming was created by and for the Chinese in order to make U.S. manufacturing non-competitive.,Donald J. Trump,@realDonaldTrump,http://res.cloudinary.com/dgtihmi68/image/upload/v1503955181/realDonaldTrump.jpg,Politicians
This election is a total sham and a travesty. We are not a democracy!,Donald J. Trump,@realDonaldTrump,http://res.cloudinary.com/dgtihmi68/image/upload/v1503955181/realDonaldTrump.jpg,Politicians
Truly weird Senator Rand Paul of Kentucky reminds me of a spoiled brat without a properly functioning brain. He was terrible at DEBATE!,Donald J. Trump,@realDonaldTrump,http://res.cloudinary.com/dgtihmi68/image/upload/v1503955181/realDonaldTrump.jpg,Politicians
"""I sin.. but I'm not the devil. I'm good.. but I'm no angel."" #MyWeekWithMarilyn",Dwayne Johnson,@TheRock,http://res.cloudinary.com/dgtihmi68/image/upload/v1503955478/TheRock.jpg,Movie Stars
Fired up! Named FORBES TOP GROSSING ACTOR OF 2013 ($1.3 billion). THANK YOU! #GratefulMan #TequilaTime,Dwayne Johnson,@TheRock,http://res.cloudinary.com/dgtihmi68/image/upload/v1503955478/TheRock.jpg,Movie Stars
"I attended multiple high schools in 4yrs. Hawaii, Nashville and Pennsylvania. Everyone thought I was an undercover narc. True Story.",Dwayne Johnson,@TheRock,http://res.cloudinary.com/dgtihmi68/image/upload/v1503955478/TheRock.jpg,Movie Stars
Alicia Keys would kick my assssss,Dylan O`Brien,@dylanobrien,http://res.cloudinary.com/dgtihmi68/image/upload/v1503955686/dylanobrien.jpg,Movie Stars
Man I love socks,Dylan O`Brien,@dylanobrien,http://res.cloudinary.com/dgtihmi68/image/upload/v1503955686/dylanobrien.jpg,Movie Stars
Watching my friends kill my other friends on tv scares #hungergames,Dylan O`Brien,@dylanobrien,http://res.cloudinary.com/dgtihmi68/image/upload/v1503955686/dylanobrien.jpg,Movie Stars
Ed Balls,Ed Balls,@edballs,http://res.cloudinary.com/dgtihmi68/image/upload/v1503955792/edballs.jpg,Politicians
"GQ worst dressed 2012 to 2016 cover, i am wearing a hoodie as i type this #inspiration #hashtag",Ed Sheeran,@edsheeran,http://res.cloudinary.com/dgtihmi68/image/upload/v1503955885/edsheeran.jpg,Musicians
I dont trust the eggs at mcdonalds. i'm pretty sure they never came out of a chicken,Ed Sheeran,@edsheeran,http://res.cloudinary.com/dgtihmi68/image/upload/v1503955885/edsheeran.jpg,Musicians
"If anyone says 'question?' to you and the first you do isn't break into singing Destinys Child, we can't be friends",Ed Sheeran,@edsheeran,http://res.cloudinary.com/dgtihmi68/image/upload/v1503955885/edsheeran.jpg,Musicians
"If hagirds das was a muggle, and hagrids mum was a giant. How the hell was hagrid conceived? Discuss",Ed Sheeran,@edsheeran,http://res.cloudinary.com/dgtihmi68/image/upload/v1503955885/edsheeran.jpg,Musicians
"Some IDIOTS out there I swear, wouldn't know music even if it was a half naked gorilla in a tutu lickin there ear and saying 'i'm music'",Ed Sheeran,@edsheeran,http://res.cloudinary.com/dgtihmi68/image/upload/v1503955885/edsheeran.jpg,Musicians
"A big storm is headed through CA. Supermarkets are slammed with people preparing. When I got there, there was literally no self-tanner left",Ellen DeGeneres,@TheEllenShow,http://res.cloudinary.com/dgtihmi68/image/upload/v1503960436/TheEllenShow.jpg,TV Stars
"Did you hear what happened with the groundhog this year? Today, he came up out of his hole and was immediately detained by Border Patrol.",Ellen DeGeneres,@TheEllenShow,http://res.cloudinary.com/dgtihmi68/image/upload/v1503960436/TheEllenShow.jpg,TV Stars
Happy 2017! This is crazy. It’s the year AND my pin number.,Ellen DeGeneres,@TheEllenShow,http://res.cloudinary.com/dgtihmi68/image/upload/v1503960436/TheEllenShow.jpg,TV Stars
"Happy birthday to my dear friend, Jennifer Aniston! We've been friends for so long. Remember that time we crashed Ross's wedding? Good times",Ellen DeGeneres,@TheEllenShow,http://res.cloudinary.com/dgtihmi68/image/upload/v1503960436/TheEllenShow.jpg,TV Stars
I just invested in an eclipse sunglass company. Does anyone know when the next one is?,Ellen DeGeneres,@TheEllenShow,http://res.cloudinary.com/dgtihmi68/image/upload/v1503960436/TheEllenShow.jpg,TV Stars
If only Bradley's arm was longer. Best photo ever. #oscars,Ellen DeGeneres,@TheEllenShow,http://res.cloudinary.com/dgtihmi68/image/upload/v1503960436/TheEllenShow.jpg,TV Stars
"If Popeye were dating Pink, then people would call them Pinkeye.",Ellen DeGeneres,@TheEllenShow,http://res.cloudinary.com/dgtihmi68/image/upload/v1503960436/TheEllenShow.jpg,TV Stars
"Merry Christmas Eve! Or as they say in England, Happy Christmas! There’s a woman named “Mary Christmas” who sued them. True story.",Ellen DeGeneres,@TheEllenShow,http://res.cloudinary.com/dgtihmi68/image/upload/v1503960436/TheEllenShow.jpg,TV Stars
"Tis my first twitt-er. Or tweet? Twit? Or tweet? ""Twit or tweet everybody."" Is this anything?",Ellen DeGeneres,@TheEllenShow,http://res.cloudinary.com/dgtihmi68/image/upload/v1503960436/TheEllenShow.jpg,TV Stars
"Welcome to the world, Ella and Alexander Clooney. Congratulations, George and Amal, or as I’m now calling you, Ocean’s Four.",Ellen DeGeneres,@TheEllenShow,http://res.cloudinary.com/dgtihmi68/image/upload/v1503960436/TheEllenShow.jpg,TV Stars
"""I'm over trying to find the ""adorable"" way to state my opinion"".",Emma Watson,@EmmaWatson,http://res.cloudinary.com/dgtihmi68/image/upload/v1503960559/EmmaWatson.jpg,Movie Stars
"Amused, upset and touched to see my mother in her heels and pearl earings try to run down 3 large men with cameras at Heathrow airport .",Emma Watson,@EmmaWatson,http://res.cloudinary.com/dgtihmi68/image/upload/v1503960559/EmmaWatson.jpg,Movie Stars
I just got rid of my sofa and replaced it with a ping pong table. I think this is the best decision I have made in months.#gameon!,Emma Watson,@EmmaWatson,http://res.cloudinary.com/dgtihmi68/image/upload/v1503960559/EmmaWatson.jpg,Movie Stars
I never feel so accomplished as when I open a tough jar.,Emma Watson,@EmmaWatson,http://res.cloudinary.com/dgtihmi68/image/upload/v1503960559/EmmaWatson.jpg,Movie Stars
Who here actually thinks I would do 50 Shades of Grey as a movie? Like really. For real. In real life.,Emma Watson,@EmmaWatson,http://res.cloudinary.com/dgtihmi68/image/upload/v1503960559/EmmaWatson.jpg,Movie Stars
These days women look at my naked body in the same fearful way that pensioners look at snow,Frankie Boyle,@frankieboyle,http://res.cloudinary.com/dgtihmi68/image/upload/v1503960660/frankieboyle.jpg,Comedians
@TheRock Aloha big guy!! miss you double!! I will bring the shawarma if you will treat me for a workout... Gotta burn those carbs..,Gal Gadot,@GalGadot,http://res.cloudinary.com/dgtihmi68/image/upload/v1503960925/GalGadot.jpg,Movie Stars
A bird pooped on me.,Harry Styles,@Harry_Styles,http://res.cloudinary.com/dgtihmi68/image/upload/v1503961011/Harry_Styles.jpg,Musicians
All the love as always. H,Harry Styles,@Harry_Styles,http://res.cloudinary.com/dgtihmi68/image/upload/v1503961011/Harry_Styles.jpg,Musicians
How much nuts for nuts is too much nuts for nuts?,Harry Styles,@Harry_Styles,http://res.cloudinary.com/dgtihmi68/image/upload/v1503961011/Harry_Styles.jpg,Musicians
Unidentified gel in deceivingly small tube does not taste the same as toothpaste. Fact.,Harry Styles,@Harry_Styles,http://res.cloudinary.com/dgtihmi68/image/upload/v1503961011/Harry_Styles.jpg,Musicians
You can tell far too much about a person by which monopoly piece they play as.,Harry Styles,@Harry_Styles,http://res.cloudinary.com/dgtihmi68/image/upload/v1503961011/Harry_Styles.jpg,Musicians
Delete your account. ,Hillary Clinton,@HillaryClinton,http://res.cloudinary.com/dgtihmi68/image/upload/v1503782343/HillaryClinton.jpg,Politicians
How does your student loan debt make you feel? Tell us in 3 emojis or less.,Hillary Clinton,@HillaryClinton,http://res.cloudinary.com/dgtihmi68/image/upload/v1503782343/HillaryClinton.jpg,Politicians
First tweet of My life,Hulk Hogan,@HulkHogan,http://res.cloudinary.com/dgtihmi68/image/upload/v1503961786/HulkHogan.jpg,TV Stars
"My wife asked me if today was Friday and I said no,it's chest and back day brother HH",Hulk Hogan,@HulkHogan,http://res.cloudinary.com/dgtihmi68/image/upload/v1503961786/HulkHogan.jpg,TV Stars
"I remember when I used to have to fart in my car on a date.. I would stop, get out and act like something was wrong with the tire & fart.",Ice-T,@FINALLEVEL,http://res.cloudinary.com/dgtihmi68/image/upload/v1507040343/icet_t7ykck.jpg,Musicians
".@piersmorgan If only you'd read Harry Potter, you'd know the downside of sucking up to the biggest bully in school is getting burned alive.",J.K. Rowling,@jk_rowling,http://res.cloudinary.com/dgtihmi68/image/upload/v1503961879/jk_rowling.jpg,Authors
".@StephenKing On a sliding scale of Annie Wilkes to Cujo, what level of delusion do you reckon we're at today?",J.K. Rowling,@jk_rowling,http://res.cloudinary.com/dgtihmi68/image/upload/v1503961879/jk_rowling.jpg,Authors
"*sighs* Well, who knows? If I try harder, I might be reincarnated as a lonely virgin hiding behind a cartoon frog.",J.K. Rowling,@jk_rowling,http://res.cloudinary.com/dgtihmi68/image/upload/v1503961879/jk_rowling.jpg,Authors
I can't say I consider myself a 'world leader' though. Maybe of worlds inside my head? In the real world I can barely lead my dog.,J.K. Rowling,@jk_rowling,http://res.cloudinary.com/dgtihmi68/image/upload/v1503961879/jk_rowling.jpg,Authors
I have an 11 year old son - of course I play Minecraft.,J.K. Rowling,@jk_rowling,http://res.cloudinary.com/dgtihmi68/image/upload/v1503961879/jk_rowling.jpg,Authors
"Of all devices known to humankind, the desktop printer is the most evil. I am close to breaking point.",J.K. Rowling,@jk_rowling,http://res.cloudinary.com/dgtihmi68/image/upload/v1503961879/jk_rowling.jpg,Authors
"OK, here it is. Please don't start flame wars over it, but this year I'd like to apologise for killing (whispers)... Snape. *runs for cover*",J.K. Rowling,@jk_rowling,http://res.cloudinary.com/dgtihmi68/image/upload/v1503961879/jk_rowling.jpg,Authors
"The Internet doesn’t just offer opportunities for misogynistic abuse, you know. Penis enlargers can also be bought discreetly.",J.K. Rowling,@jk_rowling,http://res.cloudinary.com/dgtihmi68/image/upload/v1503961879/jk_rowling.jpg,Authors
They see me Rowlin' They hatin',J.K. Rowling,@jk_rowling,http://res.cloudinary.com/dgtihmi68/image/upload/v1503961879/jk_rowling.jpg,Authors
"Well, there you have it. A highly intelligent, experienced woman just debated a giant orange Twitter egg. Your move, America. #debate",J.K. Rowling,@jk_rowling,http://res.cloudinary.com/dgtihmi68/image/upload/v1503961879/jk_rowling.jpg,Authors
"You can't always get what you want, But if you watch your Twitter feed long enough You might get what you need.",J.K. Rowling,@jk_rowling,http://res.cloudinary.com/dgtihmi68/image/upload/v1503961879/jk_rowling.jpg,Authors
And Yes I Will Be Dropping A K Pop Single In The Next 4 Months.,Jaden Smith,@officialjaden,http://res.cloudinary.com/dgtihmi68/image/upload/v1503961959/officialjaden.jpg,Movie Stars
God Blees My Failed Relationships.,Jaden Smith,@officialjaden,http://res.cloudinary.com/dgtihmi68/image/upload/v1503961959/officialjaden.jpg,Movie Stars
"God Bless The Media, If We Didn't Have It, Who Would You Judge To Make Yourself Feel Better.",Jaden Smith,@officialjaden,http://res.cloudinary.com/dgtihmi68/image/upload/v1503961959/officialjaden.jpg,Movie Stars
"Home Is Any Place That Has a Bed, A TV, And You,",Jaden Smith,@officialjaden,http://res.cloudinary.com/dgtihmi68/image/upload/v1503961959/officialjaden.jpg,Movie Stars
How Can Mirrors Be Real If Our Eyes Aren't Real,Jaden Smith,@officialjaden,http://res.cloudinary.com/dgtihmi68/image/upload/v1503961959/officialjaden.jpg,Movie Stars
If Everybody in The World Dropped Out of School We Would Have A Much More Intelligent Society,Jaden Smith,@officialjaden,http://res.cloudinary.com/dgtihmi68/image/upload/v1503961959/officialjaden.jpg,Movie Stars
Tweets Are Like Tattoos.,Jaden Smith,@officialjaden,http://res.cloudinary.com/dgtihmi68/image/upload/v1503961959/officialjaden.jpg,Movie Stars
"When Life Gives You Big Problems, Just Be Happy You Forgot All Your Little Problems.",Jaden Smith,@officialjaden,http://res.cloudinary.com/dgtihmi68/image/upload/v1503961959/officialjaden.jpg,Movie Stars
"When You Party I'm On The Treadmill,When You Sleep I'm On The Treadmill, When I Tweet I'm On TheTreadmill. Remember This",Jaden Smith,@officialjaden,http://res.cloudinary.com/dgtihmi68/image/upload/v1503961959/officialjaden.jpg,Movie Stars
If you thought 2016 was bad - I'm releasing an album in 2017.,James Blunt,@JamesBlunt,http://res.cloudinary.com/dgtihmi68/image/upload/v1503962056/JamesBlunt.jpg,Musicians
NO NEED. I HAVE A NEW ALBUM COMING SOON. @katy_nicolson: Can we all take a moment and remember just how terrible James Blunt was,James Blunt,@JamesBlunt,http://res.cloudinary.com/dgtihmi68/image/upload/v1503962056/JamesBlunt.jpg,Musicians
ryan seacrest told me I had to get on Twitter. So here I am. First tweet. I feel younger already.,James Cameron,@JimCameron,http://res.cloudinary.com/dgtihmi68/image/upload/v1503962142/JimCameron.jpg,Politicians
"The air here in Shanghai, China is windy and polluted. ...Nevermind ...I just farted.",Jason Mraz,@jason_mraz,http://res.cloudinary.com/dgtihmi68/image/upload/v1503962227/jason_mraz.jpg,Musicians
Stayed up past my bedtime.  Now it's time for my big girl panties and sleeping bra!!,Jessica Simpson,@JessicaSimpson,http://res.cloudinary.com/dgtihmi68/image/upload/v1504043626/JessicaSimpson_rcm9kc.jpg,Musicians
Got Bin Laden AND interrupted Celebrity Apprentice? Win for Obama all around.,Jimmy Fallon,@jimmyfallon,http://res.cloudinary.com/dgtihmi68/image/upload/v1503962284/jimmyfallon.jpg,Comedians
lubricant? I say lubriCAN!,Jimmy Kimmell,@jimmykimmel,http://res.cloudinary.com/dgtihmi68/image/upload/v1503962335/jimmykimmel.jpg,TV Stars
"A study says owning a dog makes you 10 years younger. My first thought was to rescue 2 more, but I don’t want to go through menopause again.",Joan Rivers,@Joan_Rivers,http://res.cloudinary.com/dgtihmi68/image/upload/v1503962405/Joan_Rivers.jpg,Comedians
I’m so worried about Kim and Kanye’s wedding. Their photo album is going to be the first ever that has a money shot.,Joan Rivers,@Joan_Rivers,http://res.cloudinary.com/dgtihmi68/image/upload/v1503962405/Joan_Rivers.jpg,Comedians
Justin Bieber is going to be the new face of Calvin Klein underwear. We've gone from Marky Mark to Douchey Douche.,Joan Rivers,@Joan_Rivers,http://res.cloudinary.com/dgtihmi68/image/upload/v1503962405/Joan_Rivers.jpg,Comedians
Lady Gaga accused Katy Perry of stealing her ideas. And Gaga knows she's right because she can remember stealing them from Madonna first.,Joan Rivers,@Joan_Rivers,http://res.cloudinary.com/dgtihmi68/image/upload/v1503962405/Joan_Rivers.jpg,Comedians
Madonna's new boyfriend is 26!?! That's the same age as her pacemaker.,Joan Rivers,@Joan_Rivers,http://res.cloudinary.com/dgtihmi68/image/upload/v1503962405/Joan_Rivers.jpg,Comedians
"Miley Cyrus defended her VMA performance by saying she made history. So did the Titanic, but only 2,000 men went down on her.",Joan Rivers,@Joan_Rivers,http://res.cloudinary.com/dgtihmi68/image/upload/v1503962405/Joan_Rivers.jpg,Comedians
Selena Gomez reportedly ended her friendship with Taylor Swift. How sad! Taylor can't even keep a woman around these days.,Joan Rivers,@Joan_Rivers,http://res.cloudinary.com/dgtihmi68/image/upload/v1503962405/Joan_Rivers.jpg,Comedians
Today is my waxer's birthday. What do you get for the woman who removes everything?,Joan Rivers,@Joan_Rivers,http://res.cloudinary.com/dgtihmi68/image/upload/v1503962405/Joan_Rivers.jpg,Comedians
"When I first saw Justin Bieber's mug shot I thought they'd added a cute new lesbian on ""Orange is the New Black.""",Joan Rivers,@Joan_Rivers,http://res.cloudinary.com/dgtihmi68/image/upload/v1503962405/Joan_Rivers.jpg,Comedians
I cry because I love Justin Bieber!!!,Joe Jonas,@joejonas,http://res.cloudinary.com/dgtihmi68/image/upload/v1503962466/joejonas.jpg,Musicians
"I'd like to apologise for my last apology. In retrospect, it seems a bit flippant, and I feel a proper apology needs to be sincere. Sorry",John Cleese,@JohnCleese,http://res.cloudinary.com/dgtihmi68/image/upload/v1503962530/JohnCleese.jpg,Comedians
BREAKING CELEBRITY NEWS: I was sitting with my legs crossed for too long and my penis fell asleep.,John Mayer,@johncmayer,http://res.cloudinary.com/dgtihmi68/image/upload/v1503962596/JohnMayer.jpg,Musicians
Come home poop,Jose Canseco,@JoseCanseco,"http://res.cloudinary.com/dgtihmi68/image/upload/c_mfit,h_400,w_400/v1503962832/JoseCanseco.jpg",Athletes
I was driving last night on a lonely dark road and met this alien or maybe a really ugly girl and it gave me the lottery numbers,Jose Canseco,@JoseCanseco,"http://res.cloudinary.com/dgtihmi68/image/upload/c_mfit,h_400,w_400/v1503962832/JoseCanseco.jpg",Athletes
Titanic 100 years wOW. Global warming could have saved titanic. Sad to say,Jose Canseco,@JoseCanseco,"http://res.cloudinary.com/dgtihmi68/image/upload/c_mfit,h_400,w_400/v1503962832/JoseCanseco.jpg",Athletes
Yes time travel is possible. Will explain later.,Jose Canseco,@JoseCanseco,"http://res.cloudinary.com/dgtihmi68/image/upload/c_mfit,h_400,w_400/v1503962832/JoseCanseco.jpg",Athletes
chuck norris wears justin bieber pajamas,Justin Bieber,@justinbieber,http://res.cloudinary.com/dgtihmi68/image/upload/v1503963091/justinbieber.jpg,Musicians
Frog lawn mower,Justin Bieber,@justinbieber,http://res.cloudinary.com/dgtihmi68/image/upload/v1503963091/justinbieber.jpg,Musicians
i love lamp,Justin Bieber,@justinbieber,http://res.cloudinary.com/dgtihmi68/image/upload/v1503963091/justinbieber.jpg,Musicians
If chickens could say love me love me that would be awsome.,Justin Bieber,@justinbieber,http://res.cloudinary.com/dgtihmi68/image/upload/v1503963091/justinbieber.jpg,Musicians
If I could be any animal I would be a liger.. Cuz there sweet..,Justin Bieber,@justinbieber,http://res.cloudinary.com/dgtihmi68/image/upload/v1503963091/justinbieber.jpg,Musicians
so alot of u r tweeting me wanting to know if i died again. turns out im ok. had to check..but im still living. wasnt sure...but...im ok :),Justin Bieber,@justinbieber,http://res.cloudinary.com/dgtihmi68/image/upload/v1503963091/justinbieber.jpg,Musicians
Thank god madagascar 3 is coming out. Just didnt get the closure i needed with the first 2,Justin Bieber,@justinbieber,http://res.cloudinary.com/dgtihmi68/image/upload/v1503963091/justinbieber.jpg,Musicians
the reporter asked me if i was dating. I said i go out on dates. but nothing serious. Im still single and ready to mingle. Haha.,Justin Bieber,@justinbieber,http://res.cloudinary.com/dgtihmi68/image/upload/v1503963091/justinbieber.jpg,Musicians
Why is rhode island nor a road or an island,Justin Bieber,@justinbieber,http://res.cloudinary.com/dgtihmi68/image/upload/v1503963091/justinbieber.jpg,Musicians
why on a plane they always make u turn ur electronics off when taking off and landing...isnt it more dangerous when ur up in the sky??,Justin Bieber,@justinbieber,http://res.cloudinary.com/dgtihmi68/image/upload/v1503963091/justinbieber.jpg,Musicians
"As a teenager, I searched for ALL the culture that I could find through MUSIC. I remember the day I heard Mobb Deep for the first time…",Justin Timberlake,@jtimberlake,http://res.cloudinary.com/dgtihmi68/image/upload/v1503963183/jtimberlake.jpg,Musicians
I had to play catch up with them to know what it really was... SHOOK ONES changed my ear as a new musician and someone that loved rhythm…,Justin Timberlake,@jtimberlake,http://res.cloudinary.com/dgtihmi68/image/upload/v1503963183/jtimberlake.jpg,Musicians
"Kanye is so cute, y'all.",Justin Timberlake,@jtimberlake,http://res.cloudinary.com/dgtihmi68/image/upload/v1503963183/jtimberlake.jpg,Musicians
"Studio Rule #1: If the artist plays their music and you are on your phone looking at your social media... Chances are, you're an ASSHOLE.",Justin Timberlake,@jtimberlake,http://res.cloudinary.com/dgtihmi68/image/upload/v1503963183/jtimberlake.jpg,Musicians
We ready. You ready? #Oscars,Justin Timberlake,@jtimberlake,http://res.cloudinary.com/dgtihmi68/image/upload/v1503963183/jtimberlake.jpg,Musicians
i love watching snooki giving birth on my tv it was the cutest thing :D,JWoww,@JENNIW0WW,http://res.cloudinary.com/dgtihmi68/image/upload/v1503963255/JENNIW0WW.jpg,TV Stars
Do you know where to find marble conference tables?  I'm looking to have a conference... not until I get the table though,Kanye West,@kanyewest,http://res.cloudinary.com/dgtihmi68/image/upload/v1503963343/kanyewest.jpg,Musicians
Fur pillows are actually hard to sleep on,Kanye West,@kanyewest,http://res.cloudinary.com/dgtihmi68/image/upload/v1503963343/kanyewest.jpg,Musicians
Have you ever thought you were in love with someone but then realized you were just staring in a mirror for 20 minutes?,Kanye West,@kanyewest,http://res.cloudinary.com/dgtihmi68/image/upload/v1503963343/kanyewest.jpg,Musicians
I hate when I'm on a flight and I wake up with a water bottle next to me like oh great now I gotta be responsible for this water bottle,Kanye West,@kanyewest,http://res.cloudinary.com/dgtihmi68/image/upload/v1503963343/kanyewest.jpg,Musicians
I have to dress Kim everyday so she doesn't embarrass me,Kanye West,@kanyewest,http://res.cloudinary.com/dgtihmi68/image/upload/v1503963343/kanyewest.jpg,Musicians
"I know everybody at Rolling Stone had one question on there mind... and the answer is... yes, the shoes are Dreis",Kanye West,@kanyewest,http://res.cloudinary.com/dgtihmi68/image/upload/v1503963343/kanyewest.jpg,Musicians
I make awesome decisions in bike stores!!!,Kanye West,@kanyewest,http://res.cloudinary.com/dgtihmi68/image/upload/v1503963343/kanyewest.jpg,Musicians
I specifically ordered persian rugs with cherub imagery!!! What do I have to do to get a simple persian rug with cherub imagery uuuuuugh,Kanye West,@kanyewest,http://res.cloudinary.com/dgtihmi68/image/upload/v1503963343/kanyewest.jpg,Musicians
I'm not even gon lie to you. I love me so much right now.,Kanye West,@kanyewest,http://res.cloudinary.com/dgtihmi68/image/upload/v1503963343/kanyewest.jpg,Musicians
"I'M SO HYPE RIGHT NOW EVERYTHING HAS CHANGED . HAVE YA'LL EVER SEEN TRON? THE END OF THE TRON WHERE EVERYTHING LIGHT UP!!!!
",Kanye West,@kanyewest,http://res.cloudinary.com/dgtihmi68/image/upload/v1503963343/kanyewest.jpg,Musicians
Man… ninjas are kind of cool… I just don’t know any personally.,Kanye West,@kanyewest,http://res.cloudinary.com/dgtihmi68/image/upload/v1503963343/kanyewest.jpg,Musicians
My favorite unit of measurement is ‘a shit load.,Kanye West,@kanyewest,http://res.cloudinary.com/dgtihmi68/image/upload/v1503963343/kanyewest.jpg,Musicians
Never do coke with an intern ... they may not be 21,Kanye West,@kanyewest,http://res.cloudinary.com/dgtihmi68/image/upload/v1503963343/kanyewest.jpg,Musicians
No seriously ... I said my teeth are real diamonds... these are not fronts... I replaced my bottom row of teeth with diamonds,Kanye West,@kanyewest,http://res.cloudinary.com/dgtihmi68/image/upload/v1503963343/kanyewest.jpg,Musicians
not smiling makes me smile,Kanye West,@kanyewest,http://res.cloudinary.com/dgtihmi68/image/upload/v1503963343/kanyewest.jpg,Musicians
"Yo Britney, I'm really happy for you and I'mma let you be #1, but me and Jay-Z single is one of the best songs of all time! LOL",Kanye West,@kanyewest,http://res.cloudinary.com/dgtihmi68/image/upload/v1503963343/kanyewest.jpg,Musicians
Finding it ironic to parade the pit women against other women argument about as one unmeasurably capitalizes on the take down of a woman…,Katy Perry,@katyperry,http://res.cloudinary.com/dgtihmi68/image/upload/v1505324925/katyperry_gpdzgd.jpg,Musicians
"Hope this massive zit on the back of my necks a good luck sign 4 2night. Not gonna lie, I always feel WAY more important w/police escorts.",Katy Perry,@katyperry,http://res.cloudinary.com/dgtihmi68/image/upload/v1505324925/katyperry_gpdzgd.jpg,Musicians
I refuse to speak Starbucks until I've actually learned Italian. #goodmorningilltakealarge,Katy Perry,@katyperry,http://res.cloudinary.com/dgtihmi68/image/upload/v1505324925/katyperry_gpdzgd.jpg,Musicians
Is the Internet real? Can we physically go there?,Katy Perry,@katyperry,http://res.cloudinary.com/dgtihmi68/image/upload/v1505324925/katyperry_gpdzgd.jpg,Musicians
"It's fine, your prayers don't count, miley's already on her knees.",Katy Perry,@katyperry,http://res.cloudinary.com/dgtihmi68/image/upload/v1505324925/katyperry_gpdzgd.jpg,Musicians
Morta. Linda. Night.,Katy Perry,@katyperry,http://res.cloudinary.com/dgtihmi68/image/upload/v1505324925/katyperry_gpdzgd.jpg,Musicians
OMG BLUE IVI JUST PERSONALLY WAVED AT ME. MY LIFE IS OVER.,Katy Perry,@katyperry,http://res.cloudinary.com/dgtihmi68/image/upload/v1505324925/katyperry_gpdzgd.jpg,Musicians
so tired I can't even fart,Katy Perry,@katyperry,http://res.cloudinary.com/dgtihmi68/image/upload/v1505324925/katyperry_gpdzgd.jpg,Musicians
The new song Skyscraper by @ddlovato is pure perfection. Her voice is one of the BEST undiscovered beauties. Can't wait for the full record.,Katy Perry,@katyperry,http://res.cloudinary.com/dgtihmi68/image/upload/v1505324925/katyperry_gpdzgd.jpg,Musicians
"TIme, the ultimate truth teller.",Katy Perry,@katyperry,http://res.cloudinary.com/dgtihmi68/image/upload/v1505324925/katyperry_gpdzgd.jpg,Musicians
WE ARE BELIEBERS!,Katy Perry,@katyperry,http://res.cloudinary.com/dgtihmi68/image/upload/v1505324925/katyperry_gpdzgd.jpg,Musicians
I wish it would rain so I wouldn't have to showerrrrrrr,Kesha,@KeshaRose,http://res.cloudinary.com/dgtihmi68/image/upload/v1504082657/kesha_nluntb.jpg,Musicians
I'm watching the History channel in the club and I'm wondering how do these people kno what's goin on on the sun..ain't nobody ever been,Kevin Durant,@KDTrey5,http://res.cloudinary.com/dgtihmi68/image/upload/v1503963548/KDTrey5.jpg,Athletes
"I love saying hello 2 French people because there is always a weird/awkward delay of eye contact b4 they say Bonjour, I laugh every time",Kevin Hart,@KevinHart4real,http://res.cloudinary.com/dgtihmi68/image/upload/v1503963627/KevinHart4real.jpg,Comedians
I think I found a way to raise the bar yet again!!!! You have been warned!!!! I take this comedy shit very seriously people....,Kevin Hart,@KevinHart4real,http://res.cloudinary.com/dgtihmi68/image/upload/v1503963627/KevinHart4real.jpg,Comedians
That moment when u fart in the gym because nobody was in ur section & as soon as ur finished someone walks up to u to say hello...,Kevin Hart,@KevinHart4real,http://res.cloudinary.com/dgtihmi68/image/upload/v1503963627/KevinHart4real.jpg,Comedians
"Do identical twins have the same exact DNA? Like if 1 twin murders someone & leaves their DNA, can the other twin get blamed?",Kim Kardashian,@KimKardashian,http://res.cloudinary.com/dgtihmi68/image/upload/v1503963689/KimKardashian.jpg,Socialite
Do peanuts have carbs?,Kim Kardashian,@KimKardashian,http://res.cloudinary.com/dgtihmi68/image/upload/v1503963689/KimKardashian.jpg,Socialite
I can't wait for Call Of Duty Black Ops II to come out!!!! The graphics look crazy!,Kim Kardashian,@KimKardashian,http://res.cloudinary.com/dgtihmi68/image/upload/v1503963689/KimKardashian.jpg,Socialite
i have a really odd talent. i can smell when someone has cavaties! i have never been wrong yet! they dont even have 2 be super close by me,Kim Kardashian,@KimKardashian,http://res.cloudinary.com/dgtihmi68/image/upload/v1503963689/KimKardashian.jpg,Socialite
I love country music!,Kim Kardashian,@KimKardashian,http://res.cloudinary.com/dgtihmi68/image/upload/v1503963689/KimKardashian.jpg,Socialite
Isn't it weird how singers like Rihanna & Celine Dion sing in an American accent but really speak w an accent,Kim Kardashian,@KimKardashian,http://res.cloudinary.com/dgtihmi68/image/upload/v1503963689/KimKardashian.jpg,Socialite
kowabunga dudettes. i'm so pumped to be on this surfing kick. who else surfs out there? gnarly day in the h2o. ridin waves!,Kim Kardashian,@KimKardashian,http://res.cloudinary.com/dgtihmi68/image/upload/v1503963689/KimKardashian.jpg,Socialite
My foot fell asleep,Kim Kardashian,@KimKardashian,http://res.cloudinary.com/dgtihmi68/image/upload/v1503963689/KimKardashian.jpg,Socialite
sorry I'm late to the party guys I was busy cashing my 80 million video game check & transferring 53 million into our joint account,Kim Kardashian,@KimKardashian,http://res.cloudinary.com/dgtihmi68/image/upload/v1503963689/KimKardashian.jpg,Socialite
Thanks guys! I had no idea a pickle was really a cucumber! U guys totally confirmed it!,Kim Kardashian,@KimKardashian,http://res.cloudinary.com/dgtihmi68/image/upload/v1503963689/KimKardashian.jpg,Socialite
The pope is dope,Kim Kardashian,@KimKardashian,http://res.cloudinary.com/dgtihmi68/image/upload/v1503963689/KimKardashian.jpg,Socialite
Do ants have dicks?,Kourtney Kardashian,@kourtneykardash,http://res.cloudinary.com/dgtihmi68/image/upload/v1503963783/kourtneykardash.jpg,Socialite
I just sharted myself. That's when u fart and u shit yourself on accident!,Kris Jenner,@KrisJenner,http://res.cloudinary.com/dgtihmi68/image/upload/v1503963864/KrisJenner.jpg,Socialite
This is the first time I am twittering and its really easy! I just invited all of my kids to twitter!,Kris Jenner,@KrisJenner,http://res.cloudinary.com/dgtihmi68/image/upload/v1503963864/KrisJenner.jpg,Socialite
at rehearsal. mommy hasn't slept in 4 days. just did a run-through. get ready kids. were comin for you. production loads in at 5am. Redwine.,Lady Gaga,@ladygaga,http://res.cloudinary.com/dgtihmi68/image/upload/v1503963941/ladygaga.jpg,Musicians
"Boston ate my heart, and I don't want it back",Lady Gaga,@ladygaga,http://res.cloudinary.com/dgtihmi68/image/upload/v1503963941/ladygaga.jpg,Musicians
getting my hair done. lavender blond is my newest obsession. 7 days till the fame ball. ill begin vomiting with creative anxiety on the 9th,Lady Gaga,@ladygaga,http://res.cloudinary.com/dgtihmi68/image/upload/v1503963941/ladygaga.jpg,Musicians
If mercury doesn't get the f*ck out of retrograde I may give birth to a small menstrual alien on stage.,Lady Gaga,@ladygaga,http://res.cloudinary.com/dgtihmi68/image/upload/v1503963941/ladygaga.jpg,Musicians
"My Daddy had open heart surgery today. And after long hours, and lots of tears, they healed his broken heart, and mine. Speechless",Lady Gaga,@ladygaga,http://res.cloudinary.com/dgtihmi68/image/upload/v1503963941/ladygaga.jpg,Musicians
"They can't scare me, if I scare them first. X",Lady Gaga,@ladygaga,http://res.cloudinary.com/dgtihmi68/image/upload/v1503963941/ladygaga.jpg,Musicians
I just had the thrill of a lifetime! Saw the clock change from 1:59AM to 1:00AM! I love clocks!,Larry King,@kingsthings,http://res.cloudinary.com/dgtihmi68/image/upload/v1503964237/kingsthings.jpg,TV Stars
I often feel a strong inclination to marry Barbara Streisand.,Lena Dunham,@lenadunham,http://res.cloudinary.com/dgtihmi68/image/upload/v1503964348/lenadunham.jpg,TV Stars
WAS RUSHIN HOME TO TAKE A DUMP AND GOT CAUGHT BEHIND A SCHOOL BUS DROPPIN KIDS OFF!! LONGEST 30MINS OF MY LIFFFEEEE!!,Lil Jon,@LilJon,http://res.cloudinary.com/dgtihmi68/image/upload/v1503964419/LilJon.jpg,Musicians
Have you guys seen food and gas prices lately? U.S. $ will soon be worthless if the Fed keeps printing money!,Lindsay Lohan,@lindsaylohan,http://res.cloudinary.com/dgtihmi68/image/upload/v1503964479/lindsaylohan.jpg,Movie Stars
"Hello Facebook. Yes, this is actually Lindsay. Welcome to my Facebook page!",Lindsay Lohan,@lindsaylohan,http://res.cloudinary.com/dgtihmi68/image/upload/v1503964479/lindsaylohan.jpg,Movie Stars
It makes me so happy when the miami housewives get along a/each other! I’m such a sap! Watching finale. Lol- don’t judge me on this!,Lindsay Lohan,@lindsaylohan,http://res.cloudinary.com/dgtihmi68/image/upload/v1503964479/lindsaylohan.jpg,Movie Stars
WHY is everyone in SUCH a panic about hurricane (I'm calling it Sally).. ? Stop projecting negativity! Think positive and pray for peace.,Lindsay Lohan,@lindsaylohan,http://res.cloudinary.com/dgtihmi68/image/upload/v1503964479/lindsaylohan.jpg,Movie Stars
@diplo should we do something about your tiny penis while we're at it hm,Lorde,@lordemusic,http://res.cloudinary.com/dgtihmi68/image/upload/v1503964546/lordemusic.jpg,Musicians
this pic of me eating breakfast in bed with chill carefree abandon really highlights how i'm feeling after yesterday,Lorde,@lordemusic,http://res.cloudinary.com/dgtihmi68/image/upload/v1503964546/lordemusic.jpg,Musicians
true life: my housekeepers threw away my drugs.,Mac Miller,@MacMiller,http://res.cloudinary.com/dgtihmi68/image/upload/v1507041185/macmiller_cvf5xc.jpg,Musicians
wtf ARYA KIDDING ME?!!,Maisie Williams,@Maisie_Williams,http://res.cloudinary.com/dgtihmi68/image/upload/v1507040997/maisiewilliams_olvyap.jpg,Movie Stars
Do you think I am hip?,Martha Stewart,@MarthaStewart,http://res.cloudinary.com/dgtihmi68/image/upload/v1503964711/MarthaStewart.jpg,TV Stars
"just got home, let out the dogs, within minutes they cornered,attacked and killed an opossum. had to wash little bloody mouths .life on farm",Martha Stewart,@MarthaStewart,http://res.cloudinary.com/dgtihmi68/image/upload/v1503964711/MarthaStewart.jpg,TV Stars
Why is that people always try to understand estimate my intelligents?! They should never do that!,Mary J. Blige,@maryjblige,http://res.cloudinary.com/dgtihmi68/image/upload/v1504083324/maryjblige_kb2uqr.jpg,Musicians
Damnit I lost 70lbs I look anoronix,Metta World Peace,@MettaWorldPeace,http://res.cloudinary.com/dgtihmi68/image/upload/v1503964827/MettaWorldPeace.jpg,Athletes
"Just read another story about me being locked in attick, completely false.",Michael Caine,@themichaelcaine,http://res.cloudinary.com/dgtihmi68/image/upload/v1503996138/themichaelcaine.jpg,Movie Stars
Do waves ever get bored?,Michael Ian Black,@michaelianblack,http://res.cloudinary.com/dgtihmi68/image/upload/v1503964880/michaelianblack.jpg,Movie Stars
I'm going to be furious if my kids have a better life than me.,Michael Ian Black,@michaelianblack,http://res.cloudinary.com/dgtihmi68/image/upload/v1503964880/michaelianblack.jpg,Movie Stars
"Muhammad Ali was the greatest boxer of all time. He never allowed his spirits to break. Brain, skills and guts is how you define him.",Mike Tyson,@MikeTyson,http://res.cloudinary.com/dgtihmi68/image/upload/v1503964957/MikeTyson.jpg,Athletes
"""Mile, if twerkin woulda been invented.... And I had a foam finger.... I woulda done the same thang you did."" - DAD",Miley Cyrus,@MileyCyrus,http://res.cloudinary.com/dgtihmi68/image/upload/v1507040878/mileycyrus_xvabk6.jpg,Musicians
Good morning everyone. Life is good. I am laying in bed with my mommy right now scratching her bug bites.,Miley Cyrus,@MileyCyrus,http://res.cloudinary.com/dgtihmi68/image/upload/v1507040878/mileycyrus_xvabk6.jpg,Musicians
Find you a man who talks about you the way Tormund talks about Brienne of Tarth,Mindy Kaling,@mindykaling,http://res.cloudinary.com/dgtihmi68/image/upload/v1503965079/mindykaling.jpg,TV Stars
"This kid once gave me a CD, told me he was the next Justin Bieber, I took the CD and frisbee'd the fuck out of it.",Mos Def,@MosDefOfficial,http://res.cloudinary.com/dgtihmi68/image/upload/v1503965232/MosDefOfficial.jpg,Musicians
"Does it disturb anyone else that ""The Los Angeles Angels"" baseball team translates directly to ""The The Angels Angels""?",Neil deGrasse Tyson,@neiltyson,http://res.cloudinary.com/dgtihmi68/image/upload/v1504083389/NeilTysonOriginsA-Crop_400x400_zfm4y8.jpg,Scientists
"If you remove a person's arteries, veins, & capillaries, and tie them end to end, that person will die.",Neil deGrasse Tyson,@neiltyson,http://res.cloudinary.com/dgtihmi68/image/upload/v1504083389/NeilTysonOriginsA-Crop_400x400_zfm4y8.jpg,Scientists
I was spanked therefore I shall spank! My momma did a good job! LOL,Nick Cannon,@NickCannon,http://res.cloudinary.com/dgtihmi68/image/upload/v1503965302/NickCannon.jpg,TV Stars
"All dem #1s but JLo phone ringin? Lol. I guess having a personality, being a secure woman, and giving genuine critique still trumps that.",Nicki Minaj,@NICKIMINAJ,http://res.cloudinary.com/dgtihmi68/image/upload/v1503965384/NICKIMINAJ.jpg,Musicians
"If your video celebrates women with very slim bodies, you will be nominated for vid of the year",Nicki Minaj,@NICKIMINAJ,http://res.cloudinary.com/dgtihmi68/image/upload/v1503965384/NICKIMINAJ.jpg,Musicians
"ok boys, what's your ball size?",Nicki Minaj,@NICKIMINAJ,http://res.cloudinary.com/dgtihmi68/image/upload/v1503965384/NICKIMINAJ.jpg,Musicians
"I'm, like, soooooo pretty",Nicole Richie,@nicolerichie,http://res.cloudinary.com/dgtihmi68/image/upload/v1503965475/nicolerichie.jpg,Socialite
I miss rappers bragging about their high phone bills. #simplertimes,Olivia Wilde,@oliviawilde,http://res.cloudinary.com/dgtihmi68/image/upload/v1503965532/oliviawilde.jpg,Movie Stars
in a thousand years archeologists will dig up tanning beds and think we fried people as punishment.,Olivia Wilde,@oliviawilde,http://res.cloudinary.com/dgtihmi68/image/upload/v1503965532/oliviawilde.jpg,Movie Stars
Anybody need more money?,Oprah Winfrey,@Oprah,http://res.cloudinary.com/dgtihmi68/image/upload/v1503965617/Oprah.jpg,TV Stars
Back when I was 13 in #Vegas & decided to go an to exotic pet store to buy a ferret & name her #FerretFawcett.,Paris Hilton,@ParisHilton,http://res.cloudinary.com/dgtihmi68/image/upload/v1503965686/ParisHilton.jpg,Socialite
"Hey friends, I lost my blackberry. So if your trying to reach me, then text me on one of my three iPhones.",Paris Hilton,@ParisHilton,http://res.cloudinary.com/dgtihmi68/image/upload/v1503965686/ParisHilton.jpg,Socialite
"Just landed back in LA, so happy to hear the news of Osama Bin Laden's death. He was the face of terrorism and such …",Paris Hilton,@ParisHilton,http://res.cloudinary.com/dgtihmi68/image/upload/v1503965686/ParisHilton.jpg,Socialite
"My dogs live in this two-story doggy mansion that has air conditioning, heating, designer furniture, and a chandelier. Loves it",Paris Hilton,@ParisHilton,http://res.cloudinary.com/dgtihmi68/image/upload/v1503965686/ParisHilton.jpg,Socialite
"No, no, I didn't go to England; I went to London.",Paris Hilton,@ParisHilton,http://res.cloudinary.com/dgtihmi68/image/upload/v1503965686/ParisHilton.jpg,Socialite
"Out of Myself, Britney, and Christina- didn't everyone think I was gonna be the troublemaker? LOOK MA!!! No CUFFS!!!",Pink,@Pink,http://res.cloudinary.com/dgtihmi68/image/upload/v1503965833/Pink.jpg,Musicians
chinese food in china #mrworldwide,Pitbull,@pitbull,http://res.cloudinary.com/dgtihmi68/image/upload/v1503965936/pitbull.jpg,Musicians
If pilgrims woulda killed a cat instead of turkey 2day we would b eating tu sabeee que ricooooooo happy thksgiving 2 all enjoy fam & friends,Pitbull,@pitbull,http://res.cloudinary.com/dgtihmi68/image/upload/v1503965936/pitbull.jpg,Musicians
you know adam & eve story? maybe our society is the new adam & eve and we took a bite of the apple... look at the back of your phone #dale,Pitbull,@pitbull,http://res.cloudinary.com/dgtihmi68/image/upload/v1503965936/pitbull.jpg,Musicians
I'm 51. Look 41. Feel 31. Dance 21. Eat 11. Act 1.,Rainn Wilson,@rainnwilson,http://res.cloudinary.com/dgtihmi68/image/upload/v1503994260/rainnwilson.jpg,TV Stars
My spirit animal is Tilda Swinton.,Rainn Wilson,@rainnwilson,http://res.cloudinary.com/dgtihmi68/image/upload/v1503994260/rainnwilson.jpg,TV Stars
When ur stressed it means ur not relaxing enough. Thats why stressed is desserts spelled backwards,Rev Run,@RevRunWisdom,http://res.cloudinary.com/dgtihmi68/image/upload/v1503994340/RevRunWisdom.jpg,Musicians
Be in style with a great smile!,Richard Simmons,@TheWeightSaint,http://res.cloudinary.com/dgtihmi68/image/upload/v1503994443/TheWeightSaint.jpg,Athletes
"I wish I had a pound for every time I offended someone. Wait, I do.",Ricky Gervais,@rickygervais,http://res.cloudinary.com/dgtihmi68/image/upload/v1503994534/rickygervais.jpg,Comedians
"When you are dead, you do not know you are dead. It’s only painful & difficult for others. The same applies when you are stupid.",Ricky Gervais,@rickygervais,http://res.cloudinary.com/dgtihmi68/image/upload/v1503994534/rickygervais.jpg,Comedians
Boys will be boys!!! Cause they can’t be men.,Rihanna,@rihanna,http://res.cloudinary.com/dgtihmi68/image/upload/v1503994599/rihanna.jpg,Musicians
"CBS you pulled my song last week, now you wanna slide it back in this Thursday? NO, Fuck you! Y’all are sad for penalizing me for this.",Rihanna,@rihanna,http://res.cloudinary.com/dgtihmi68/image/upload/v1503994599/rihanna.jpg,Musicians
FUCK U SATAN!!! Fuck right of!!!!!!,Rihanna,@rihanna,http://res.cloudinary.com/dgtihmi68/image/upload/v1503994599/rihanna.jpg,Musicians
I ain’t got no type… bad bitches is the only thing that I like,Rihanna,@rihanna,http://res.cloudinary.com/dgtihmi68/image/upload/v1503994599/rihanna.jpg,Musicians
"When there’s no changing the fact that I’m me, and they’re well… they’re them.",Rihanna,@rihanna,http://res.cloudinary.com/dgtihmi68/image/upload/v1503994599/rihanna.jpg,Musicians
"#Parenting Tip: If your child is crying, hold it close & whisper “You don’t have a clue what horrors this world holds.”",Rob Delaney,@robdelaney,http://res.cloudinary.com/dgtihmi68/image/upload/v1503994688/Rob_Delaney.jpg,Comedians
"Mama said ""Unless they paying your bills, pay them bitches no mind""",RuPaul,@RuPaul,http://res.cloudinary.com/dgtihmi68/image/upload/v1503994769/RuPaul.jpg,TV Stars
My lips are overdrawn to compensate for my lack of giving a shit,RuPaul,@RuPaul,http://res.cloudinary.com/dgtihmi68/image/upload/v1503994769/RuPaul.jpg,TV Stars
You're born naked and the rest is kind of a let down.,RuPaul,@RuPaul,http://res.cloudinary.com/dgtihmi68/image/upload/v1503994769/RuPaul.jpg,TV Stars
I am in the bush...the Australian bush...God love your moment...but its' not this moment...,Russell Crowe,@russellcrowe,http://res.cloudinary.com/dgtihmi68/image/upload/v1503994829/russellcrowe.jpg,Movie Stars
I love Maps,Russell Crowe,@russellcrowe,http://res.cloudinary.com/dgtihmi68/image/upload/v1503994829/russellcrowe.jpg,Movie Stars
"Some things I tweeted yesterday are turning up today, does that make me ahead of my time ?",Russell Crowe,@russellcrowe,http://res.cloudinary.com/dgtihmi68/image/upload/v1503994829/russellcrowe.jpg,Movie Stars
"Villagers, sorry that my ass tweeted you...however, I have to say , I was impressed ...didn't even know it could use a keyboard, Ass 1 Me 0",Russell Crowe,@russellcrowe,http://res.cloudinary.com/dgtihmi68/image/upload/v1503994829/russellcrowe.jpg,Movie Stars
Does anyone know the helicopter code?!?!,Ryan Lochte,@RyanLochte,http://res.cloudinary.com/dgtihmi68/image/upload/v1503994882/RyanLochte.jpg,Athletes
One of my favorite movies: What Women Want.,Ryan Lochte,@RyanLochte,http://res.cloudinary.com/dgtihmi68/image/upload/v1503994882/RyanLochte.jpg,Athletes
"Rocks, paper, siccor........",Ryan Lochte,@RyanLochte,http://res.cloudinary.com/dgtihmi68/image/upload/v1503994882/RyanLochte.jpg,Athletes
"Call me old fashioned, but sending a dick pic is disgusting and lazy. Real love means sending a nice bouquet of penises.",Ryan Reynolds,@VancityReynolds,http://res.cloudinary.com/dgtihmi68/image/upload/v1503994953/VancityReynolds.jpg,Movie Stars
I can go from researching a cramp on WebMD to coffin shopping in under 90 seconds.,Ryan Reynolds,@VancityReynolds,http://res.cloudinary.com/dgtihmi68/image/upload/v1503994953/VancityReynolds.jpg,Movie Stars
"I don't like the expression ""pissing rain"". Because if it was actually urine, it would totally ruin movies like The Notebook.",Ryan Reynolds,@VancityReynolds,http://res.cloudinary.com/dgtihmi68/image/upload/v1503994953/VancityReynolds.jpg,Movie Stars
"I'd walk through fire for my daughter. Well not FIRE, because it's dangerous. But a super humid room. But not too humid, because my hair.",Ryan Reynolds,@VancityReynolds,http://res.cloudinary.com/dgtihmi68/image/upload/v1503994953/VancityReynolds.jpg,Movie Stars
I'm teaching my daughter that the sun goes down each night because it's mad at her. Probably gonna write a book on parenting at some point.,Ryan Reynolds,@VancityReynolds,http://res.cloudinary.com/dgtihmi68/image/upload/v1503994953/VancityReynolds.jpg,Movie Stars
"In the morning, I like to let the dogs out and sing, ""Who let the dogs out"" before punching myself in the face as hard as I fucking can.",Ryan Reynolds,@VancityReynolds,http://res.cloudinary.com/dgtihmi68/image/upload/v1503994953/VancityReynolds.jpg,Movie Stars
"Intimidating? Sure. But ""Sex-Thirsty Online Predators"" is a terrible name for a softball team.",Ryan Reynolds,@VancityReynolds,http://res.cloudinary.com/dgtihmi68/image/upload/v1503994953/VancityReynolds.jpg,Movie Stars
"Just want to wish Billy Ray Cyrus the most special, magical birthday ever. I love you with all my heart. Also, Happy Birthday to my wife.",Ryan Reynolds,@VancityReynolds,http://res.cloudinary.com/dgtihmi68/image/upload/v1503994953/VancityReynolds.jpg,Movie Stars
My daughter just sneezed into my yawning mouth. Seemed really fucking pleased with herself. Joke's on her. She'll have to bury me someday.,Ryan Reynolds,@VancityReynolds,http://res.cloudinary.com/dgtihmi68/image/upload/v1503994953/VancityReynolds.jpg,Movie Stars
My infant daughter's traumatized for life. 50 Shades of Grey = Worst fucking coloring book ever.,Ryan Reynolds,@VancityReynolds,http://res.cloudinary.com/dgtihmi68/image/upload/v1503994953/VancityReynolds.jpg,Movie Stars
"People in LA are deathly afraid of gluten. I swear to god, you could rob a liquor store in this city with a bagel.",Ryan Reynolds,@VancityReynolds,http://res.cloudinary.com/dgtihmi68/image/upload/v1503994953/VancityReynolds.jpg,Movie Stars
"So cute. Asked my mom out to lunch and she yelled, ""Squad-Goals!"". I laughed pretty hard before never ever seeing her again.",Ryan Reynolds,@VancityReynolds,http://res.cloudinary.com/dgtihmi68/image/upload/v1503994953/VancityReynolds.jpg,Movie Stars
Surprisingly easy to teach a baby to swipe right.,Ryan Reynolds,@VancityReynolds,http://res.cloudinary.com/dgtihmi68/image/upload/v1503994953/VancityReynolds.jpg,Movie Stars
Tinder isn't a babysitting app. Apologies to Crystal and Janine for the misunderstanding.,Ryan Reynolds,@VancityReynolds,http://res.cloudinary.com/dgtihmi68/image/upload/v1503994953/VancityReynolds.jpg,Movie Stars
Turns out Game of Thrones is NOT historically accurate. Apologies for calling my idiot 6 year old nephew an imbecile.,Ryan Reynolds,@VancityReynolds,http://res.cloudinary.com/dgtihmi68/image/upload/v1503994953/VancityReynolds.jpg,Movie Stars
"""Refudiate,"" ""misunderestimate,"" ""wee-wee'd up."" English is a living language. Shakespeare liked to coin new words too. Got to celebrate it!",Sarah Palin,@SarahPalinUSA,http://res.cloudinary.com/dgtihmi68/image/upload/v1503995028/SarahPalinUSA.png,Politicians
"Before you get too confident, remember: Your dad came you.",Sarah Silverman,@SarahKSilverman,http://res.cloudinary.com/dgtihmi68/image/upload/v1503995082/SarahKSilverman.jpg,Comedians
Had my first long bike ride - wow!- It was like flying! Like flying while getting punched in the vagina!,Sarah Silverman,@SarahKSilverman,http://res.cloudinary.com/dgtihmi68/image/upload/v1503995082/SarahKSilverman.jpg,Comedians
I've got to stop stressing about something happening to the sun,Sarah Silverman,@SarahKSilverman,http://res.cloudinary.com/dgtihmi68/image/upload/v1503995082/SarahKSilverman.jpg,Comedians
People who try to seem smart say PROCEEDED a lot.,Sarah Silverman,@SarahKSilverman,http://res.cloudinary.com/dgtihmi68/image/upload/v1503995082/SarahKSilverman.jpg,Comedians
Q: Who's lying next to me licking his own asshole? A. Bill Pullman B. My dog C. Sir Anthony Hopkins,Sarah Silverman,@SarahKSilverman,http://res.cloudinary.com/dgtihmi68/image/upload/v1503995082/SarahKSilverman.jpg,Comedians
"Sometimes when I'm really lonely I talk to myself but I call myself ""you guys""",Sarah Silverman,@SarahKSilverman,http://res.cloudinary.com/dgtihmi68/image/upload/v1503995082/SarahKSilverman.jpg,Comedians
Was just called the greatest compliment a woman can get: sturdy.,Sarah Silverman,@SarahKSilverman,http://res.cloudinary.com/dgtihmi68/image/upload/v1503995082/SarahKSilverman.jpg,Comedians
Why ever tarragon? It's tarrable,Sarah Silverman,@SarahKSilverman,http://res.cloudinary.com/dgtihmi68/image/upload/v1503995082/SarahKSilverman.jpg,Comedians
Your middle-aged pierced ear tells a different story than you think.,Sarah Silverman,@SarahKSilverman,http://res.cloudinary.com/dgtihmi68/image/upload/v1503995082/SarahKSilverman.jpg,Comedians
I don't get it so wHen Jesus came back it was in a EGG??? dat came from a bunny?? I'm lost rigHtnow,ScHoolboy Q,@ScHoolboyQ,http://res.cloudinary.com/dgtihmi68/image/upload/v1507040733/schoolboyq_gy0lue.jpg,Musicians
"I need to eat some dinner, who else is hungry in this world?",Scott Disick,@ScottDisick,http://res.cloudinary.com/dgtihmi68/image/upload/v1503995186/ScottDisick.jpg,Socialite
Is still up having Tantric sex! 12 hrs and counting!!!! Let's go people!!!! You can do it! Just relax!! Lol,Sean Diddy Combs,@diddy,http://res.cloudinary.com/dgtihmi68/image/upload/v1503995244/diddy.jpg,Musicians
I like Pink. I get crushes. I'm scared of bugs. I am sensitive. I cry. I'm just a girl. I have feelings too.,Serena Williams,@serenawilliams,http://res.cloudinary.com/dgtihmi68/image/upload/v1507040519/serenawilliams_rh6moi.jpg,Athletes
@MileyCyrus you know why knees are the best body parts? They're joints! (I'm sorry. I had to),Seth Rogen,@Sethrogen,http://res.cloudinary.com/dgtihmi68/image/upload/v1503995303/Sethrogen.jpg,Movie Stars
"About ten times a day I think ""what the fuck is that sound?"" and then I realize it's just me breathing loud and weird.",Seth Rogen,@Sethrogen,http://res.cloudinary.com/dgtihmi68/image/upload/v1503995303/Sethrogen.jpg,Movie Stars
"All jokes aside, Justin Bieber is a piece of shit.",Seth Rogen,@Sethrogen,http://res.cloudinary.com/dgtihmi68/image/upload/v1503995303/Sethrogen.jpg,Movie Stars
Any negative reviews to my movies are #FakeReviews.,Seth Rogen,@Sethrogen,http://res.cloudinary.com/dgtihmi68/image/upload/v1503995303/Sethrogen.jpg,Movie Stars
"I don't have much authority to speak on political matters, but one thing I can DEFINITIVELY say: Don't fuck with North Korea.",Seth Rogen,@Sethrogen,http://res.cloudinary.com/dgtihmi68/image/upload/v1503995303/Sethrogen.jpg,Movie Stars
I gonna smoke weed in the White House ya'll.,Seth Rogen,@Sethrogen,http://res.cloudinary.com/dgtihmi68/image/upload/v1503995303/Sethrogen.jpg,Movie Stars
It's weird how moths aren't out during the day time. You'd think the day time would be their favorite shit ever.,Seth Rogen,@Sethrogen,http://res.cloudinary.com/dgtihmi68/image/upload/v1503995303/Sethrogen.jpg,Movie Stars
"Our newest Sausage Party marketing campaign was expensive, but I think it'll be worth it in the long run.",Seth Rogen,@Sethrogen,http://res.cloudinary.com/dgtihmi68/image/upload/v1503995303/Sethrogen.jpg,Movie Stars
"The first time I heard the song ""Hot In Herre"" I was on shrooms in a youth hostel in Amsterdam and I remember thinking humanity was doomed.",Seth Rogen,@Sethrogen,http://res.cloudinary.com/dgtihmi68/image/upload/v1503995303/Sethrogen.jpg,Movie Stars
Vin Diesel's face makes me laugh.,Seth Rogen,@Sethrogen,http://res.cloudinary.com/dgtihmi68/image/upload/v1503995303/Sethrogen.jpg,Movie Stars
im at knots berry farms n my butts 2 big 2 fit in da seats on ride. ahhhhhh (dats me yellin),Shaquille O`Neal,@SHAQ,http://res.cloudinary.com/dgtihmi68/image/upload/v1504083437/shaq_tdazdi.jpg,Athletes
I AM NOT FAMOUS ANYMORE,Shia LaBeouf,@thecampaignbook,http://res.cloudinary.com/dgtihmi68/image/upload/v1503995389/Shia_LaBeouf.jpg,Movie Stars
"I am sorry for all the plagiarized tweets, they all were unintelligent, ambiguous and needlessly hurtful.",Shia LaBeouf,@thecampaignbook,http://res.cloudinary.com/dgtihmi68/image/upload/v1503995389/Shia_LaBeouf.jpg,Movie Stars
"If you explain @JimCarrey you've killed him, Nobody knows if it's for real or not. That way he's immortal.",Shia LaBeouf,@thecampaignbook,http://res.cloudinary.com/dgtihmi68/image/upload/v1503995389/Shia_LaBeouf.jpg,Movie Stars
"Really, people? ANYONE can be President? ANYONE? ANY-ONE?",Shonda Rhimes,@shondarhimes,http://res.cloudinary.com/dgtihmi68/image/upload/v1503995463/shondarhimes.jpg,TV Stars
Drinking breast milk shots...,Snooki,@snooki,http://res.cloudinary.com/dgtihmi68/image/upload/v1503995509/snooki.jpg,TV Stars
Omg tanning for the first time in 2 months!!! This is going to be exuberating ! (Hope I used that right lmao) #givemeprops,Snooki,@snooki,http://res.cloudinary.com/dgtihmi68/image/upload/v1503995509/snooki.jpg,TV Stars
"Donald Trump blocked me on Twitter. I am hereby blocking him from seeing IT or MR. MERCEDES. No clowns for you, Donald. Go float yourself.",Stephen King,@StephenKing,http://res.cloudinary.com/dgtihmi68/image/upload/v1504083497/stephenking_sit8e1.jpg,Authors
"If the Russians can find my old iTunes playlist, that would be so great.",Steve Martin,@SteveMartinToGo,http://res.cloudinary.com/dgtihmi68/image/upload/v1503995572/SteveMartinToGo.jpg,Comedians
"Hey everybody, Michael J. Fox got in touch with me today and we are good. Thank you for having my back.",Taylor Swift,@taylorswift13,http://res.cloudinary.com/dgtihmi68/image/upload/v1503995628/taylorswift13.jpg,Musicians
I just used a Sharpie as eye liner in the airplane bathroom.,Taylor Swift,@taylorswift13,http://res.cloudinary.com/dgtihmi68/image/upload/v1503995628/taylorswift13.jpg,Musicians
Just experienced love at first sight with this couch in the window of a coffee shop.,Taylor Swift,@taylorswift13,http://res.cloudinary.com/dgtihmi68/image/upload/v1503995628/taylorswift13.jpg,Musicians
Just wrapped up a cereal party with my mom and dad at the kitchen table. What a night.,Taylor Swift,@taylorswift13,http://res.cloudinary.com/dgtihmi68/image/upload/v1503995628/taylorswift13.jpg,Musicians
"Puttering around mu place, reading cookbooks and celebrating the fact that I-m no longer scared of the sound of my ice maker at night.",Taylor Swift,@taylorswift13,http://res.cloudinary.com/dgtihmi68/image/upload/v1503995628/taylorswift13.jpg,Musicians
"That moment when Kanye West secretly records your phone call, then Kim posts it on the Internet.",Taylor Swift,@taylorswift13,http://res.cloudinary.com/dgtihmi68/image/upload/v1503995628/taylorswift13.jpg,Musicians
"Watching every episode of CSI Season 8, then 9. Mini-marathon. This is pure happiness.",Taylor Swift,@taylorswift13,http://res.cloudinary.com/dgtihmi68/image/upload/v1503995628/taylorswift13.jpg,Musicians
Wow there are a lot of people with Bieber in their name. Someone should figure out how2 turn Justin Bieber backgrounds & names into energy.,Tom Cruise,@TomCruise,http://res.cloudinary.com/dgtihmi68/image/upload/v1503995701/TomCruise.jpg,Movie Stars
DON'T TEXT ME ABOUT THE CARNIVAL. IM A DICK. AND A LIZARD.,"Tyler, The Creator",@fucktyler,http://res.cloudinary.com/dgtihmi68/image/upload/v1503995752/fucktyler.jpg,Musicians
I SWAM IN A LAKE FOR THE FIRST TIME TWO DAYS AGO!!!! I KILLED A TADPOLE THO HIS NAME WAS GARY IM SO SORRY HE WAS JUST A BABY,"Tyler, The Creator",@fucktyler,http://res.cloudinary.com/dgtihmi68/image/upload/v1503995752/fucktyler.jpg,Musicians
I know some dudes who literally can't leVe their house without diamonds and flash!! It's like crytinyte!!! #Shame,Tyrese,@Tyrese,http://res.cloudinary.com/dgtihmi68/image/upload/v1503995805/Tyrese.jpg,Musicians
Pandora.. Whoever you are!! Thank you!! I get tweets about you playing my music all the time!!,Tyrese,@Tyrese,http://res.cloudinary.com/dgtihmi68/image/upload/v1503995805/Tyrese.jpg,Musicians
You try your best to leave you hood rabbits behind you.. But when your really from the block.. That ghetto hot sauce will stay forest!!!!,Tyrese,@Tyrese,http://res.cloudinary.com/dgtihmi68/image/upload/v1503995805/Tyrese.jpg,Musicians
"I'VE BEEN UP SINCE 6:30, NEED STARBUCKS. LOL, VANILLA BEAN FRAPPE RAPPA LOL",Vanilla Ice,@vanillaice,http://res.cloudinary.com/dgtihmi68/image/upload/v1503995866/vanillaice.jpg,Musicians
"BTW, Christina Aguilera, nice job at the Super Bowl, but changing the words to songs is MY gig.",Weird Al Yankovic,@alyankovic,http://res.cloudinary.com/dgtihmi68/image/upload/v1503995922/alyankovic.jpg,Musicians
Fuck that lingerie shit. Get lil mamma some weed socks to struck around the house in.,Wiz Khalifa,@wizkhalifa,http://res.cloudinary.com/dgtihmi68/image/upload/v1503995978/wizkhalifa.jpg,Musicians
"I could just chill in sweatpants, write raps, and smoke doobies with my friends and be perfectly fine.",Wiz Khalifa,@wizkhalifa,http://res.cloudinary.com/dgtihmi68/image/upload/v1503995978/wizkhalifa.jpg,Musicians
i went to elementary with a kid named michael terry he was a fat so everybody called him michael titties kids are mean.,Wiz Khalifa,@wizkhalifa,http://res.cloudinary.com/dgtihmi68/image/upload/v1503995978/wizkhalifa.jpg,Musicians
Its very important to take care of your teeth and remind others to do the same.,Wiz Khalifa,@wizkhalifa,http://res.cloudinary.com/dgtihmi68/image/upload/v1503995978/wizkhalifa.jpg,Musicians
The cell phone is one of the worst things to happen to the smoke session. Either be smokin or be passin.,Wiz Khalifa,@wizkhalifa,http://res.cloudinary.com/dgtihmi68/image/upload/v1503995978/wizkhalifa.jpg,Musicians
Theres a bug in my room. Its flying and its very loud. I just can't find it.,Wiz Khalifa,@wizkhalifa,http://res.cloudinary.com/dgtihmi68/image/upload/v1503995978/wizkhalifa.jpg,Musicians
We're having a party. Bring popcorn and cinnamon toast crunch.,Wiz Khalifa,@wizkhalifa,http://res.cloudinary.com/dgtihmi68/image/upload/v1503995978/wizkhalifa.jpg,Musicians
What's the netflix password again?,Wiz Khalifa,@wizkhalifa,http://res.cloudinary.com/dgtihmi68/image/upload/v1503995978/wizkhalifa.jpg,Musicians
"While i was getting my hair done eatin some bomb ass ramen, fuck was you doing?",Wiz Khalifa,@wizkhalifa,http://res.cloudinary.com/dgtihmi68/image/upload/v1503995978/wizkhalifa.jpg,Musicians
".@S_C_ Happy birthday, Jay Z! You’re 45! That’s Cray Z.",Ellen DeGeneres,@TheEllenShow,http://res.cloudinary.com/dgtihmi68/image/upload/v1503960436/TheEllenShow.jpg,TV Stars
What do you call it when Batman skips church? Christian Bale. #ClassicJokeWednesday,Ellen DeGeneres,@TheEllenShow,http://res.cloudinary.com/dgtihmi68/image/upload/v1503960436/TheEllenShow.jpg,TV Stars
Florence and the Machine are on the show this Friday! Can't wait to meet Florence. A little nervous about the machine. I hope it's a dryer.,Ellen DeGeneres,@TheEllenShow,http://res.cloudinary.com/dgtihmi68/image/upload/v1503960436/TheEllenShow.jpg,TV Stars
Weird. The security guard at Oprah’s says she’s not expecting me. That’s clearly a mistake.,Ellen DeGeneres,@TheEllenShow,http://res.cloudinary.com/dgtihmi68/image/upload/v1503960436/TheEllenShow.jpg,TV Stars
And you're fucking rip van wrinkle if you've never seen one of my videos .,Pink,@Pink,http://res.cloudinary.com/dgtihmi68/image/upload/v1503965833/Pink.jpg,Musicians
"In - Free - Countries - Anyone - Can - Talk - About - Politics. Try sounding out the syllables aloud, or ask a fluent reader to help.",J.K. Rowling,@jk_rowling,http://res.cloudinary.com/dgtihmi68/image/upload/v1503961879/jk_rowling.jpg,Authors
Walking the Runway with my Ferret Cinderella. #TBT,Paris Hilton,@ParisHilton,http://res.cloudinary.com/dgtihmi68/image/upload/v1503965686/ParisHilton.jpg,Socialite
I got name dropped by @NICKIMINAJ in a song so I'M FUCKING GOOD YA'LL.,Seth Rogen,@Sethrogen,http://res.cloudinary.com/dgtihmi68/image/upload/v1503995303/Sethrogen.jpg,Movie Stars
Never thought I'd be on a boat.,Mark Zuckerberg,@finkd,http://res.cloudinary.com/dgtihmi68/image/upload/v1505409304/Mark_Zuckerberg_xlmyho.jpg,Socialite
OMG…..CANT BREATHE,Cher,@cher,http://res.cloudinary.com/dgtihmi68/image/upload/v1503953677/cher.jpg,Musicians
"guy at restaurant: ""you famous?"" me: I think that depends on who you ask him: ""anyone ever tell you that you look like Tom Brady?"" me: never",Tony Hawk,@tonyhawk,http://res.cloudinary.com/dgtihmi68/image/upload/v1505428937/tonyhawk.jpg,Athletes
You should give a fuck. You really should. But only about things that set your soul on fire. Save your fucks for magical shit.,Sean Diddy Combs,@diddy,http://res.cloudinary.com/dgtihmi68/image/upload/v1503995244/diddy.jpg,Musicians
"Did every rapper after Notorious BIG name themselves ""Lil'"" out of respect?",Josh Groban,@joshgroban,http://res.cloudinary.com/dgtihmi68/image/upload/v1505504276/joshgroban_cccvfg.jpg,Musicians
Perfumers are masters of scents and scent's abilities. I'm so sorry.,Josh Groban,@joshgroban,http://res.cloudinary.com/dgtihmi68/image/upload/v1505504276/joshgroban_cccvfg.jpg,Musicians
. @walmart poop.,Josh Groban,@joshgroban,http://res.cloudinary.com/dgtihmi68/image/upload/v1505504276/joshgroban_cccvfg.jpg,Musicians
Anyone know how to get a fidget spinner out of an adult male rectum? Asking for a friend.,Zach Braff,@zachbraff,http://res.cloudinary.com/dgtihmi68/image/upload/v1505506323/zachbraff_tamsdb.jpg,TV Stars
My Uber driver's name is Jesus. I literally let Jesus take the wheel.,Zach Braff,@zachbraff,http://res.cloudinary.com/dgtihmi68/image/upload/v1505506323/zachbraff_tamsdb.jpg,TV Stars
"I thought that song ""I'm in love with the coco"" was about hot chocolate. #RupertsFault",Zach Braff,@zachbraff,http://res.cloudinary.com/dgtihmi68/image/upload/v1505506323/zachbraff_tamsdb.jpg,TV Stars
"Much like an unsullied warrior at a brothel, sometimes I just wanna be the little spoon.",Zach Braff,@zachbraff,http://res.cloudinary.com/dgtihmi68/image/upload/v1505506323/zachbraff_tamsdb.jpg,TV Stars
Does anyone know a reputable twerking school in the LA area? @donald_faison,Zach Braff,@zachbraff,http://res.cloudinary.com/dgtihmi68/image/upload/v1505506323/zachbraff_tamsdb.jpg,TV Stars
"""Same porch. Same clothes. Same issues. 40 years later. Headed back to Haddonfield one last time for Halloween. Release date 10/19/18.""",Jamie Lee Curtis,@jamieleecurtis,http://res.cloudinary.com/dgtihmi68/image/upload/v1505579482/jamieleecurtis_pkmoxp.jpg,Movie Stars
"You're going straight to hell, @realDonaldTrump. No long lines for you. Someone will say, ""Right this way, sir."" They'll clear a path.",Lin-Manuel Miranda,@Lin_Manuel,http://res.cloudinary.com/dgtihmi68/image/upload/v1506806434/112616-people-lin-manuel_miranda-jpeg-30412_6bca945092445d03bae13e2e4a3a95c9.nbcnews-ux-2880-1000_qbrvea.jpg,Authors
"*Gets in time machine, grabs 12 year old me by the face* IT GETS SO GOOD KID, JUST HANG IN THERE",Lin-Manuel Miranda,@Lin_Manuel,http://res.cloudinary.com/dgtihmi68/image/upload/v1506806434/112616-people-lin-manuel_miranda-jpeg-30412_6bca945092445d03bae13e2e4a3a95c9.nbcnews-ux-2880-1000_qbrvea.jpg,Authors
"True story: my first musical, written at 16, involved a dissected fetal pig rising up for revenge. So, I kinda did?",Lin-Manuel Miranda,@Lin_Manuel,http://res.cloudinary.com/dgtihmi68/image/upload/v1506806434/112616-people-lin-manuel_miranda-jpeg-30412_6bca945092445d03bae13e2e4a3a95c9.nbcnews-ux-2880-1000_qbrvea.jpg,Authors
"On our 6am walk, my daughter asked where the moon goes each morning. I let her know it's in heaven, visiting daddy's freedom.",Ryan Reynolds,@VancityReynolds,http://res.cloudinary.com/dgtihmi68/image/upload/v1503994953/VancityReynolds.jpg,Movie Stars
"Love means never having to say ""hey, are we dating?""",Mindy Kaling,@mindykaling,http://res.cloudinary.com/dgtihmi68/image/upload/v1503965079/mindykaling.jpg,TV Stars
"I don't know about you, but I'm feeling 22.",Harry Styles,@Harry_Styles,http://res.cloudinary.com/dgtihmi68/image/upload/v1503961011/Harry_Styles.jpg,Musicians
When I wear those trendy sports bras with a million straps I get stuck in them like a seagull in a six pack ring,Mindy Kaling,@mindykaling,http://res.cloudinary.com/dgtihmi68/image/upload/v1503965079/mindykaling.jpg,TV Stars
Hey @elonmusk will weed be legal on Mars?,Seth Rogen,@Sethrogen,http://res.cloudinary.com/dgtihmi68/image/upload/v1503995303/Sethrogen.jpg,Movie Stars
Call me when they make a mini Panasonic 3DO.,Seth Rogen,@Sethrogen,http://res.cloudinary.com/dgtihmi68/image/upload/v1503995303/Sethrogen.jpg,Movie Stars
YO @BARACKOBAMA COME OVERRRRRR,Aubrey Plaza,@evilhag,http://res.cloudinary.com/dgtihmi68/image/upload/v1506870736/evilhag.jpg,Movie Stars
"If you can ""pray the gay away,"" can you ""pray the gay onto someone?""",Steve Martin,@SteveMartinToGo,http://res.cloudinary.com/dgtihmi68/image/upload/v1503995572/SteveMartinToGo.jpg,Comedians
"Oh shit, guys, I'm so excited, no one I saw today will I see tomorrow so I can wear the same outfit again.",Mindy Kaling,@mindykaling,http://res.cloudinary.com/dgtihmi68/image/upload/v1503965079/mindykaling.jpg,TV Stars
"Okay New York, you've legalised gay marriage. Can you now please outlaw everybody peeing all over everything?",Michael Ian Black,@michaelianblack,http://res.cloudinary.com/dgtihmi68/image/upload/v1503964880/michaelianblack.jpg,Movie Stars
"I hear the bathrooms in Trump Tower are being relabeled ""Bad Hombres"" and ""Nasty Women.""",George Takei,@GeorgeTakei,http://res.cloudinary.com/dgtihmi68/image/upload/v1506872906/GeorgeTakei.jpg,Movie Stars
Mosquitoes drink blood to survive. Without it they'd die. Ever think about that? No. Of course not. You only think about yourself. Sheesh.,George Takei,@GeorgeTakei,http://res.cloudinary.com/dgtihmi68/image/upload/v1506872906/GeorgeTakei.jpg,Movie Stars
Mom- want any coffee? Me- yes please Mom- how do u take it? Me- half coffee half milk. Just make it the color of what my kid would be,Kim Kardashian,@KimKardashian,http://res.cloudinary.com/dgtihmi68/image/upload/v1503963689/KimKardashian.jpg,Socialite
"I feel really lucky to have birthed the child of Star Lord-though I'm slightly annoyed that our son can't fly. Can't win 'em all, I guess.",Anna Faris,@AnnaKFaris,http://res.cloudinary.com/dgtihmi68/image/upload/v1507038997/annafaris_wicx5x.jpg,Movie Stars
"My genius baby just invented the new hollywood diet: sand!! Kid-tested, mother-approved (it's sooo cheap!)",Anna Faris,@AnnaKFaris,http://res.cloudinary.com/dgtihmi68/image/upload/v1507038997/annafaris_wicx5x.jpg,Movie Stars
I love it when my husband plays guitar horribly for me. I get to think about the errands I need to run.,Anna Faris,@AnnaKFaris,http://res.cloudinary.com/dgtihmi68/image/upload/v1507038997/annafaris_wicx5x.jpg,Movie Stars
"Meryl Streep, one of the most over-rated actresses in Hollywood, doesn't know me but attacked last night at the Golden Globes. She is a.....",Donald J. Trump,@realDonaldTrump,http://res.cloudinary.com/dgtihmi68/image/upload/v1503955181/realDonaldTrump.jpg,Politicians
"Being nice to Rocket Man hasn't worked in 25 years, why would it work now? Clinton failed, Bush failed, and Obama failed. I won't fail.",Donald J. Trump,@realDonaldTrump,http://res.cloudinary.com/dgtihmi68/image/upload/v1503955181/realDonaldTrump.jpg,Politicians
MY BATTERY IS DYING!! what do I want to sayYY?!?! UMMmm. I LOVE YOU NICHOLAS CAGEEEE.,Aubrey Plaza,@evilhag,http://res.cloudinary.com/dgtihmi68/image/upload/v1506870736/evilhag.jpg,Movie Stars
I AM CHRISTIAN GREY. ME ME ME ME ME,Aubrey Plaza,@evilhag,http://res.cloudinary.com/dgtihmi68/image/upload/v1506870736/evilhag.jpg,Movie Stars
"Thinking of getting into the leg-breaking business, so I can profitably sell crutches later.",Anthony Bourdain,@bourdain,http://res.cloudinary.com/dgtihmi68/image/upload/v1507824831/bourdain_piasqv.jpg,TV Stars
6AM: Shot pig in brain. 3PM: Finished eating pig. These Cajuns know how to throw a party.,Anthony Bourdain,@bourdain,http://res.cloudinary.com/dgtihmi68/image/upload/v1507824831/bourdain_piasqv.jpg,TV Stars
"Off to shoot promos for the network. All due respect, would rather be getting a root canal at a Dave Matthews concert. #companyman",Anthony Bourdain,@bourdain,http://res.cloudinary.com/dgtihmi68/image/upload/v1507824831/bourdain_piasqv.jpg,TV Stars
"I hated that Hocus Pocus wig at the time, but after staring at Trump's hair for 18 months, it honestly looks not that bad.",Bette Midler,@BetteMidler,http://res.cloudinary.com/dgtihmi68/image/upload/v1503952673/BetteMidler.jpg,Comedians
When you ask bae what they want for Christmas & they start to list things but you’re the only present they need...,Paris Hilton,@ParisHilton,http://res.cloudinary.com/dgtihmi68/image/upload/v1503965686/ParisHilton.jpg,Socialite
@POTUS I'm in Asia ... let's meet before you head to Moscow #russia #putin,Lindsay Lohan,@lindsaylohan,http://res.cloudinary.com/dgtihmi68/image/upload/v1503964479/lindsaylohan.jpg,Movie Stars